-- phpMyAdmin SQL Dump
-- version 4.9.7
-- https://www.phpmyadmin.net/
--
-- Host: localhost:3306
-- Generation Time: Nov 07, 2022 at 07:19 PM
-- Server version: 5.7.36-cll-lve
-- PHP Version: 7.4.29

SET SQL_MODE = "NO_AUTO_VALUE_ON_ZERO";
SET AUTOCOMMIT = 0;
START TRANSACTION;
SET time_zone = "+00:00";


/*!40101 SET @OLD_CHARACTER_SET_CLIENT=@@CHARACTER_SET_CLIENT */;
/*!40101 SET @OLD_CHARACTER_SET_RESULTS=@@CHARACTER_SET_RESULTS */;
/*!40101 SET @OLD_COLLATION_CONNECTION=@@COLLATION_CONNECTION */;
/*!40101 SET NAMES utf8mb4 */;

--
-- Database: `coti_db`
--

-- --------------------------------------------------------

--
-- Table structure for table `caissemember`
--

CREATE TABLE `caissemember` (
  `rel_id` int(11) NOT NULL,
  `_member` int(11) NOT NULL,
  `_caisse` int(11) NOT NULL
) ENGINE=MyISAM DEFAULT CHARSET=utf8mb4;

--
-- Dumping data for table `caissemember`
--

INSERT INTO `caissemember` (`rel_id`, `_member`, `_caisse`) VALUES
(1, 10, 1),
(2, 11, 1),
(3, 11, 2),
(4, 12, 1),
(5, 12, 2),
(6, 13, 1),
(7, 13, 2),
(8, 14, 1),
(9, 14, 2),
(10, 15, 1),
(11, 15, 2),
(12, 16, 1),
(13, 16, 2),
(14, 17, 1),
(15, 17, 2),
(16, 18, 1),
(17, 18, 2),
(18, 19, 1),
(19, 19, 2),
(20, 20, 1),
(21, 20, 2),
(22, 21, 1),
(23, 21, 2),
(24, 22, 1),
(25, 22, 2),
(26, 23, 1),
(27, 23, 2),
(28, 24, 1),
(29, 24, 2),
(30, 25, 1),
(31, 25, 2),
(32, 26, 1),
(33, 26, 2),
(34, 27, 1),
(35, 27, 2),
(36, 28, 1),
(37, 28, 2),
(38, 29, 1),
(39, 29, 2),
(40, 30, 1),
(41, 30, 2),
(42, 31, 1),
(43, 31, 2),
(44, 32, 1),
(45, 32, 2),
(46, 33, 1),
(47, 33, 2),
(48, 34, 1),
(49, 34, 2),
(50, 35, 1),
(51, 35, 2),
(52, 36, 1),
(53, 36, 2),
(54, 37, 1),
(55, 37, 2),
(56, 38, 1),
(57, 38, 2),
(58, 39, 1),
(59, 39, 2),
(60, 40, 1),
(61, 40, 2),
(62, 41, 1),
(63, 41, 2),
(64, 42, 1),
(65, 42, 2),
(66, 43, 1),
(67, 43, 2),
(68, 44, 1),
(69, 44, 2),
(70, 45, 1),
(71, 45, 2),
(72, 46, 1),
(73, 46, 2),
(74, 47, 1),
(75, 47, 2),
(76, 48, 1),
(77, 48, 2),
(78, 49, 1),
(79, 49, 2),
(80, 50, 1),
(81, 50, 2),
(82, 51, 1),
(83, 51, 2),
(84, 52, 1),
(85, 52, 2),
(86, 53, 1),
(87, 53, 2),
(88, 54, 1),
(89, 54, 2),
(90, 55, 1),
(91, 55, 2),
(92, 56, 1),
(93, 56, 2),
(94, 57, 1),
(95, 57, 2),
(96, 58, 1),
(97, 58, 2),
(98, 59, 1),
(99, 59, 2),
(100, 60, 1),
(101, 60, 2),
(102, 61, 1),
(103, 61, 2),
(104, 62, 1),
(105, 62, 2),
(106, 63, 1),
(107, 63, 2),
(108, 64, 1),
(109, 64, 2),
(110, 65, 1),
(111, 65, 2),
(112, 66, 1),
(113, 66, 2),
(114, 67, 1),
(115, 67, 2),
(116, 68, 1),
(117, 68, 2),
(118, 69, 1),
(119, 69, 2),
(120, 70, 1),
(121, 70, 2),
(122, 71, 1),
(123, 71, 2),
(124, 72, 1),
(125, 72, 2),
(126, 73, 1),
(127, 73, 2),
(128, 74, 1),
(129, 74, 2),
(130, 75, 1),
(131, 75, 2),
(132, 76, 1),
(133, 76, 2),
(134, 77, 1),
(135, 77, 2),
(136, 78, 1),
(137, 78, 2),
(138, 79, 1),
(139, 79, 2),
(140, 80, 1),
(141, 80, 2),
(142, 81, 1),
(143, 81, 2),
(144, 82, 1),
(145, 82, 2),
(146, 83, 1),
(147, 83, 2),
(148, 84, 1),
(149, 84, 2),
(150, 85, 1),
(151, 85, 2),
(152, 86, 1),
(153, 86, 2),
(154, 87, 1),
(155, 87, 2),
(156, 88, 1),
(157, 88, 2),
(158, 89, 1),
(159, 89, 2),
(160, 90, 1),
(161, 90, 2),
(162, 91, 1),
(163, 91, 2),
(164, 92, 1),
(165, 92, 2),
(168, 85, 3),
(169, 33, 3),
(170, 52, 3),
(171, 1, 2),
(172, 43, 2),
(173, 5, 2),
(174, 102, 2),
(175, 85, 8),
(176, 33, 8),
(177, 79, 8),
(178, 5, 8),
(179, 24, 8),
(180, 23, 8),
(181, 8, 8),
(182, 88, 8),
(183, 8, 8),
(184, 41, 8),
(185, 1, 8),
(186, 44, 8),
(187, 29, 8),
(188, 32, 8),
(189, 55, 8),
(190, 36, 8),
(191, 73, 8),
(192, 89, 8),
(193, 63, 8),
(194, 66, 8),
(195, 80, 8),
(196, 11, 8),
(197, 71, 8),
(198, 61, 8),
(199, 86, 8),
(200, 28, 8),
(201, 77, 8),
(202, 57, 8),
(203, 75, 8),
(204, 35, 8),
(205, 76, 8),
(206, 29, 8),
(207, 65, 8),
(208, 43, 8),
(209, 30, 8),
(210, 26, 8),
(211, 51, 8),
(212, 72, 8),
(213, 94, 8),
(214, 69, 8),
(215, 69, 8),
(216, 53, 8),
(217, 50, 8),
(218, 82, 8),
(219, 34, 8),
(220, 59, 8),
(221, 46, 8),
(222, 47, 8),
(223, 31, 8),
(224, 77, 8),
(225, 60, 8),
(226, 10, 8),
(227, 37, 8),
(228, 67, 8),
(229, 78, 8),
(230, 40, 8),
(231, 42, 8),
(232, 52, 8),
(233, 84, 8),
(234, 68, 8),
(235, 48, 8),
(236, 45, 8),
(237, 74, 8),
(238, 95, 8),
(239, 49, 8),
(240, 49, 8),
(241, 64, 8),
(242, 27, 8),
(243, 58, 8),
(244, 83, 8),
(245, 62, 8),
(246, 70, 8),
(247, 96, 8),
(248, 38, 8),
(249, 97, 8),
(250, 104, 8),
(251, 98, 8),
(252, 99, 8),
(253, 54, 8),
(254, 100, 8),
(255, 87, 8),
(256, 91, 8),
(257, 103, 8),
(258, 25, 8),
(259, 101, 8),
(260, 90, 8),
(261, 56, 8),
(262, 102, 8),
(263, 39, 8),
(264, 93, 8),
(265, 67, 9),
(266, 46, 9),
(272, 5, 9),
(271, 85, 8),
(273, 59, 10),
(274, 72, 10),
(275, 108, 1),
(276, 108, 2),
(277, 109, 1),
(278, 109, 2),
(279, 110, 1),
(280, 110, 2),
(281, 111, 1),
(282, 111, 2),
(283, 112, 1),
(284, 112, 2),
(285, 113, 1),
(286, 113, 2),
(287, 114, 1),
(288, 114, 2),
(289, 115, 1),
(290, 115, 2),
(291, 116, 1),
(292, 116, 2),
(293, 117, 1),
(294, 117, 2),
(295, 118, 1),
(296, 118, 2),
(297, 119, 1),
(298, 119, 2),
(299, 120, 1),
(300, 120, 2),
(301, 121, 1),
(302, 121, 2),
(303, 122, 1),
(304, 122, 2),
(305, 123, 1),
(306, 123, 2),
(307, 124, 1),
(308, 124, 2),
(309, 125, 1),
(310, 125, 2),
(311, 126, 1),
(312, 126, 2),
(313, 127, 1),
(314, 127, 2),
(315, 128, 1),
(316, 128, 2),
(317, 129, 1),
(318, 129, 2),
(319, 130, 1),
(320, 130, 2),
(321, 131, 1),
(322, 131, 2),
(323, 126, 11),
(324, 71, 11),
(325, 82, 11),
(326, 51, 11),
(327, 52, 11),
(328, 26, 11),
(329, 118, 11),
(330, 132, 1),
(331, 132, 2),
(332, 132, 11),
(333, 99, 11),
(334, 37, 11),
(335, 119, 11),
(336, 115, 11),
(337, 97, 11),
(338, 90, 11),
(339, 69, 11),
(340, 133, 1),
(341, 133, 2),
(342, 134, 1),
(343, 134, 2),
(344, 135, 1),
(345, 135, 2),
(346, 136, 1),
(347, 136, 2),
(348, 137, 1),
(349, 137, 2),
(350, 23, 11);

-- --------------------------------------------------------

--
-- Table structure for table `caisserecords`
--

CREATE TABLE `caisserecords` (
  `rec_id` int(11) NOT NULL,
  `amount` int(11) NOT NULL DEFAULT '0',
  `cash_out` int(11) NOT NULL DEFAULT '0',
  `caisse_id` int(11) NOT NULL,
  `user_id` int(11) NOT NULL,
  `record_date` datetime NOT NULL DEFAULT CURRENT_TIMESTAMP
) ENGINE=MyISAM DEFAULT CHARSET=utf8mb4;

--
-- Dumping data for table `caisserecords`
--

INSERT INTO `caisserecords` (`rec_id`, `amount`, `cash_out`, `caisse_id`, `user_id`, `record_date`) VALUES
(68, 50000, 0, 1, 79, '0000-00-00 00:00:00'),
(67, 50000, 0, 1, 85, '0000-00-00 00:00:00'),
(66, 10000, 0, 2, 55, '0000-00-00 00:00:00'),
(65, 140000, 0, 2, 75, '0000-00-00 00:00:00'),
(64, 20000, 0, 2, 71, '0000-00-00 00:00:00'),
(63, 5000, 0, 2, 54, '0000-00-00 00:00:00'),
(62, 10000, 0, 2, 27, '0000-00-00 00:00:00'),
(61, 100000, 0, 2, 67, '0000-00-00 00:00:00'),
(60, 10000, 0, 2, 36, '0000-00-00 00:00:00'),
(59, 10000, 0, 2, 68, '0000-00-00 00:00:00'),
(58, 10000, 0, 2, 86, '0000-00-00 00:00:00'),
(57, 5000, 0, 2, 102, '0000-00-00 00:00:00'),
(56, 20000, 0, 2, 29, '0000-00-00 00:00:00'),
(55, 300000, 0, 2, 51, '0000-00-00 00:00:00'),
(54, 10000, 0, 2, 75, '0000-00-00 00:00:00'),
(53, 10000, 0, 2, 27, '0000-00-00 00:00:00'),
(52, 20000, 0, 2, 68, '0000-00-00 00:00:00'),
(51, 10000, 0, 2, 66, '0000-00-00 00:00:00'),
(50, 20000, 0, 2, 77, '0000-00-00 00:00:00'),
(49, 10000, 0, 2, 5, '0000-00-00 00:00:00'),
(48, 3000, 0, 2, 84, '0000-00-00 00:00:00'),
(47, 10000, 0, 2, 63, '0000-00-00 00:00:00'),
(46, 100000, 0, 2, 35, '0000-00-00 00:00:00'),
(45, 500000, 0, 2, 43, '0000-00-00 00:00:00'),
(44, 20000, 0, 2, 61, '0000-00-00 00:00:00'),
(43, 10000, 0, 2, 57, '0000-00-00 00:00:00'),
(42, 100000, 0, 2, 1, '0000-00-00 00:00:00'),
(41, 10000, 0, 2, 82, '0000-00-00 00:00:00'),
(40, 10000, 0, 2, 71, '0000-00-00 00:00:00'),
(39, 25000, 0, 2, 68, '0000-00-00 00:00:00'),
(38, 500000, 0, 2, 70, '0000-00-00 00:00:00'),
(37, 25000, 0, 2, 68, '0000-00-00 00:00:00'),
(36, 25000, 0, 2, 68, '0000-00-00 00:00:00'),
(35, 800000, 0, 2, 67, '0000-00-00 00:00:00'),
(69, 50000, 0, 1, 24, '0000-00-00 00:00:00'),
(70, 50000, 0, 1, 23, '0000-00-00 00:00:00'),
(71, 50000, 0, 1, 60, '0000-00-00 00:00:00'),
(72, 50000, 0, 1, 86, '0000-00-00 00:00:00'),
(73, 50000, 0, 1, 83, '0000-00-00 00:00:00'),
(74, 50000, 0, 1, 30, '0000-00-00 00:00:00'),
(75, 50000, 0, 1, 29, '0000-00-00 00:00:00'),
(76, 50000, 0, 1, 76, '0000-00-00 00:00:00'),
(77, 50000, 0, 1, 28, '0000-00-00 00:00:00'),
(78, 50000, 0, 1, 77, '0000-00-00 00:00:00'),
(79, 50000, 0, 1, 35, '0000-00-00 00:00:00'),
(80, 50000, 0, 1, 69, '0000-00-00 00:00:00'),
(81, 40000, 0, 1, 80, '0000-00-00 00:00:00'),
(82, 51807, 0, 1, 33, '0000-00-00 00:00:00'),
(83, 1807, 0, 1, 85, '0000-00-00 00:00:00'),
(84, 1807, 0, 1, 33, '0000-00-00 00:00:00'),
(85, 51807, 0, 1, 79, '0000-00-00 00:00:00'),
(86, 50000, 0, 1, 88, '0000-00-00 00:00:00'),
(87, 1807, 0, 1, 88, '0000-00-00 00:00:00'),
(88, 1807, 0, 1, 24, '0000-00-00 00:00:00'),
(89, 1807, 0, 1, 23, '0000-00-00 00:00:00'),
(90, 50000, 0, 1, 41, '0000-00-00 00:00:00'),
(91, 50000, 0, 1, 72, '0000-00-00 00:00:00'),
(92, 51807, 0, 1, 10, '0000-00-00 00:00:00'),
(93, 50000, 0, 8, 85, '0000-00-00 00:00:00'),
(94, 50000, 0, 8, 33, '0000-00-00 00:00:00'),
(95, 50000, 0, 8, 33, '0000-00-00 00:00:00'),
(96, 50000, 0, 8, 79, '0000-00-00 00:00:00'),
(97, 50000, 0, 8, 5, '0000-00-00 00:00:00'),
(98, 0, 48193, 2, 85, '0000-00-00 00:00:00'),
(99, 50000, 0, 2, 85, '0000-00-00 00:00:00'),
(100, 54000, 0, 8, 1, '0000-00-00 00:00:00'),
(101, 50000, 0, 8, 44, '0000-00-00 00:00:00'),
(102, 50000, 0, 8, 29, '0000-00-00 00:00:00'),
(103, 33000, 0, 8, 32, '0000-00-00 00:00:00'),
(104, 40450, 0, 8, 55, '0000-00-00 00:00:00'),
(105, 50000, 0, 8, 23, '0000-00-00 00:00:00'),
(106, 50000, 0, 8, 73, '0000-00-00 00:00:00'),
(107, 45450, 0, 8, 89, '0000-00-00 00:00:00'),
(108, 50000, 0, 8, 63, '0000-00-00 00:00:00'),
(109, 50000, 0, 8, 66, '0000-00-00 00:00:00'),
(110, 55000, 0, 8, 80, '0000-00-00 00:00:00'),
(111, 49725, 0, 8, 11, '0000-00-00 00:00:00'),
(112, 50000, 0, 8, 71, '0000-00-00 00:00:00'),
(113, 50000, 0, 8, 86, '0000-00-00 00:00:00'),
(114, 50000, 0, 8, 28, '0000-00-00 00:00:00'),
(115, 50000, 0, 8, 57, '0000-00-00 00:00:00'),
(116, 50000, 0, 8, 75, '0000-00-00 00:00:00'),
(117, 35725, 0, 8, 61, '0000-00-00 00:00:00'),
(118, 50000, 0, 8, 35, '0000-00-00 00:00:00'),
(119, 50000, 0, 8, 76, '0000-00-00 00:00:00'),
(120, 34725, 0, 8, 65, '0000-00-00 00:00:00'),
(121, 50000, 0, 8, 43, '0000-00-00 00:00:00'),
(122, 50000, 0, 8, 30, '0000-00-00 00:00:00'),
(123, 50000, 0, 8, 26, '0000-00-00 00:00:00'),
(124, 50000, 0, 8, 51, '0000-00-00 00:00:00'),
(125, 48000, 0, 8, 72, '0000-00-00 00:00:00'),
(126, 36000, 0, 8, 94, '0000-00-00 00:00:00'),
(127, 50000, 0, 8, 69, '0000-00-00 00:00:00'),
(128, 32000, 0, 8, 53, '0000-00-00 00:00:00'),
(129, 24000, 0, 8, 50, '0000-00-00 00:00:00'),
(130, 50000, 0, 8, 82, '0000-00-00 00:00:00'),
(131, 39000, 0, 8, 34, '0000-00-00 00:00:00'),
(132, 50000, 0, 8, 59, '0000-00-00 00:00:00'),
(133, 42000, 0, 8, 46, '0000-00-00 00:00:00'),
(134, 43000, 0, 8, 47, '0000-00-00 00:00:00'),
(135, 45825, 0, 8, 31, '0000-00-00 00:00:00'),
(136, 35725, 0, 8, 77, '0000-00-00 00:00:00'),
(137, 50000, 0, 8, 60, '0000-00-00 00:00:00'),
(138, 50000, 0, 8, 60, '0000-00-00 00:00:00'),
(139, 37500, 0, 8, 10, '0000-00-00 00:00:00'),
(140, 43500, 0, 8, 37, '0000-00-00 00:00:00'),
(141, 45450, 0, 8, 67, '0000-00-00 00:00:00'),
(142, 41450, 0, 8, 78, '0000-00-00 00:00:00'),
(143, 27000, 0, 8, 40, '0000-00-00 00:00:00'),
(144, 43000, 0, 8, 41, '0000-00-00 00:00:00'),
(145, 3000, 0, 8, 42, '0000-00-00 00:00:00'),
(146, 50000, 0, 8, 52, '0000-00-00 00:00:00'),
(147, 50000, 0, 8, 84, '0000-00-00 00:00:00'),
(148, 50000, 0, 8, 68, '0000-00-00 00:00:00'),
(149, 33, 0, 8, 48, '0000-00-00 00:00:00'),
(150, 16000, 0, 8, 45, '0000-00-00 00:00:00'),
(151, 50000, 0, 8, 74, '0000-00-00 00:00:00'),
(152, 6000, 0, 8, 95, '0000-00-00 00:00:00'),
(153, 17000, 0, 8, 49, '0000-00-00 00:00:00'),
(154, 36675, 0, 8, 64, '0000-00-00 00:00:00'),
(155, 50000, 0, 8, 27, '0000-00-00 00:00:00'),
(156, 50000, 0, 8, 58, '0000-00-00 00:00:00'),
(157, 50000, 0, 8, 83, '0000-00-00 00:00:00'),
(158, 50000, 0, 8, 62, '0000-00-00 00:00:00'),
(159, 50000, 0, 8, 70, '0000-00-00 00:00:00'),
(160, 9000, 0, 8, 96, '0000-00-00 00:00:00'),
(161, 50000, 0, 8, 38, '0000-00-00 00:00:00'),
(162, 42725, 0, 8, 97, '0000-00-00 00:00:00'),
(163, 13000, 0, 8, 104, '0000-00-00 00:00:00'),
(164, 22000, 0, 8, 98, '0000-00-00 00:00:00'),
(165, 42725, 0, 8, 99, '0000-00-00 00:00:00'),
(166, 50000, 0, 8, 24, '0000-00-00 00:00:00'),
(167, 50000, 0, 8, 54, '0000-00-00 00:00:00'),
(168, 49450, 0, 8, 100, '0000-00-00 00:00:00'),
(169, 35725, 0, 8, 87, '0000-00-00 00:00:00'),
(170, 50000, 0, 8, 91, '0000-00-00 00:00:00'),
(171, 8000, 0, 8, 103, '0000-00-00 00:00:00'),
(172, 33000, 0, 8, 25, '0000-00-00 00:00:00'),
(173, 25500, 0, 8, 88, '0000-00-00 00:00:00'),
(174, 500, 0, 8, 88, '0000-00-00 00:00:00'),
(175, 26000, 0, 8, 101, '0000-00-00 00:00:00'),
(176, 26000, 0, 8, 101, '0000-00-00 00:00:00'),
(177, 42725, 0, 8, 90, '0000-00-00 00:00:00'),
(178, 26000, 0, 8, 8, '0000-00-00 00:00:00'),
(179, 26000, 0, 8, 56, '0000-00-00 00:00:00'),
(180, 50000, 0, 8, 102, '0000-00-00 00:00:00'),
(181, 50000, 0, 8, 39, '0000-00-00 00:00:00'),
(182, 16000, 0, 8, 93, '0000-00-00 00:00:00'),
(183, 28967, 0, 8, 48, '0000-00-00 00:00:00'),
(184, 0, 1807, 2, 33, '0000-00-00 00:00:00'),
(185, 3610, 0, 2, 33, '0000-00-00 00:00:00'),
(186, 800000, 0, 9, 67, '0000-00-00 00:00:00'),
(187, 25000, 0, 9, 46, '0000-00-00 00:00:00'),
(188, 25000, 0, 9, 46, '0000-00-00 00:00:00'),
(189, 2000, 0, 8, 72, '0000-00-00 00:00:00'),
(190, 30000, 0, 9, 79, '2021-07-03 00:00:00'),
(191, 500000, 0, 11, 126, '2022-06-09 00:00:00'),
(192, 5000, 0, 11, 82, '2021-06-09 00:00:00'),
(193, 2000, 0, 11, 71, '2021-06-09 00:00:00'),
(194, 2000, 0, 11, 71, '2021-12-09 00:00:00'),
(195, 5000, 0, 11, 82, '2021-09-20 00:00:00'),
(196, 800000, 0, 11, 51, '2022-09-20 00:00:00'),
(197, 3000, 0, 11, 26, '2021-09-20 00:00:00'),
(198, 2000, 0, 11, 52, '2021-09-20 00:00:00'),
(199, 2000, 0, 11, 52, '2021-10-11 00:00:00'),
(200, 10000, 0, 11, 82, '2021-10-18 00:00:00'),
(201, 2000, 0, 11, 52, '2021-11-01 00:00:00'),
(202, 400000, 0, 11, 126, '2021-11-08 00:00:00'),
(203, 500000, 0, 11, 118, '2021-11-22 00:00:00'),
(204, 100000, 0, 11, 132, '2021-11-29 00:00:00'),
(205, 1000, 0, 11, 52, '2021-12-06 00:00:00'),
(206, 10000, 0, 11, 99, '2021-12-13 00:00:00'),
(207, 5000, 0, 11, 37, '2021-01-03 00:00:00'),
(208, 40000, 0, 11, 99, '2021-01-10 00:00:00'),
(209, 1000, 0, 11, 52, '2021-01-24 00:00:00'),
(210, 75000, 0, 11, 71, '2021-02-07 00:00:00'),
(211, 10000, 0, 11, 82, '2021-02-14 00:00:00'),
(212, 2000, 0, 11, 52, '2021-02-21 00:00:00'),
(213, 10000, 0, 11, 82, '2021-02-21 00:00:00'),
(214, 10000, 0, 11, 119, '2021-02-21 00:00:00'),
(215, 5000, 0, 11, 37, '2021-02-28 00:00:00'),
(216, 1000, 0, 11, 52, '2021-02-28 00:00:00'),
(217, 1000, 0, 11, 52, '2022-03-07 00:00:00'),
(218, 10000, 0, 11, 119, '2022-04-04 00:00:00'),
(219, 1000, 0, 11, 115, '2022-04-11 00:00:00'),
(220, 1000, 0, 11, 52, '2022-04-11 00:00:00'),
(221, 10000, 0, 11, 115, '2022-05-16 00:00:00'),
(222, 1000, 0, 11, 52, '2022-04-16 00:00:00'),
(223, 1000, 0, 11, 52, '2022-05-23 00:00:00'),
(224, 1000, 0, 11, 52, '2022-06-27 00:00:00'),
(225, 5000, 0, 11, 97, '2022-07-04 00:00:00'),
(226, 150000, 0, 11, 90, '2022-07-11 00:00:00'),
(227, 40000, 0, 11, 99, '2022-07-18 00:00:00'),
(228, 30000, 0, 11, 69, '2022-07-18 00:00:00'),
(229, 10000, 0, 11, 69, '2022-07-25 00:00:00'),
(230, 10000, 0, 11, 99, '2022-07-25 00:00:00'),
(231, 1000, 0, 11, 52, '2022-07-25 00:00:00'),
(232, 1000, 0, 11, 52, '2022-08-08 00:00:00'),
(233, 10000, 0, 3, 85, '2021-09-21 00:00:00'),
(234, 75000, 0, 11, 23, '2022-05-02 00:00:00');

-- --------------------------------------------------------

--
-- Table structure for table `caisses`
--

CREATE TABLE `caisses` (
  `id` int(11) NOT NULL,
  `name` varchar(255) NOT NULL,
  `sold` int(11) NOT NULL DEFAULT '0'
) ENGINE=MyISAM DEFAULT CHARSET=utf8mb4;

--
-- Dumping data for table `caisses`
--

INSERT INTO `caisses` (`id`, `name`, `sold`) VALUES
(1, 'Caisse Solidarité', 0),
(2, 'Caisse Epargne', 0),
(3, 'Caisse Scolaire', 0),
(10, 'Credits 2022', 0),
(11, 'CAISSE SCOLAIRE 2021 /2022', 0);

-- --------------------------------------------------------

--
-- Table structure for table `caissesolds`
--

CREATE TABLE `caissesolds` (
  `cs_id` int(11) NOT NULL,
  `caisse_id` int(11) NOT NULL,
  `user_id` int(11) NOT NULL,
  `member_sold` int(11) NOT NULL DEFAULT '0',
  `credit_amount` int(11) NOT NULL DEFAULT '0'
) ENGINE=MyISAM DEFAULT CHARSET=utf8mb4;

--
-- Dumping data for table `caissesolds`
--

INSERT INTO `caissesolds` (`cs_id`, `caisse_id`, `user_id`, `member_sold`, `credit_amount`) VALUES
(1, 1, 10, 49938, 0),
(2, 1, 11, -1870, 0),
(4, 1, 12, -1870, 0),
(7, 2, 13, -1807, 0),
(8, 1, 14, -1870, 0),
(10, 1, 15, -1870, 0),
(13, 2, 16, -1807, 0),
(14, 1, 17, -1870, 0),
(16, 1, 18, -1870, 0),
(18, 1, 19, -1870, 0),
(20, 1, 20, -1870, 0),
(22, 1, 21, -1870, 0),
(25, 2, 22, -1807, 0),
(26, 1, 23, 49938, 0),
(27, 2, 23, 49938, 0),
(28, 1, 24, 49938, 0),
(29, 2, 24, 49938, 0),
(30, 1, 25, -1870, 0),
(31, 2, 25, -1870, 0),
(32, 1, 26, -1870, 0),
(33, 2, 26, -1870, 0),
(34, 1, 27, -1870, 0),
(35, 2, 27, -1870, 0),
(36, 1, 28, 48131, 0),
(37, 2, 28, 48131, 0),
(38, 1, 29, 48131, 0),
(39, 2, 29, 48131, 0),
(40, 1, 30, 48131, 0),
(41, 2, 30, 48131, 0),
(42, 1, 31, -1870, 0),
(43, 2, 31, -1870, 0),
(44, 1, 32, -1870, 0),
(45, 2, 32, -1870, 0),
(46, 1, 33, 51078, 0),
(47, 2, 33, 51078, 0),
(48, 1, 34, -1870, 0),
(49, 2, 34, -1870, 0),
(50, 1, 35, 48131, 0),
(51, 2, 35, 48131, 0),
(52, 1, 36, -1870, 0),
(53, 2, 36, -1870, 0),
(54, 1, 37, -1870, 0),
(55, 2, 37, -1870, 0),
(56, 1, 38, -1870, 0),
(57, 2, 38, -1870, 0),
(58, 1, 39, -1870, 0),
(59, 2, 39, -1870, 0),
(60, 1, 40, -1870, 0),
(61, 2, 40, -1870, 0),
(62, 1, 41, 48131, 0),
(63, 2, 41, 48131, 0),
(64, 1, 42, -1870, 0),
(65, 2, 42, -1870, 0),
(66, 1, 43, -1870, 0),
(67, 2, 43, -1870, 0),
(68, 1, 44, -1870, 0),
(69, 2, 44, -1870, 0),
(70, 1, 45, -1870, 0),
(71, 2, 45, -1870, 0),
(72, 1, 46, -1870, 0),
(73, 2, 46, -1870, 0),
(74, 1, 47, -1870, 0),
(75, 2, 47, -1870, 0),
(76, 1, 48, -1870, 0),
(77, 2, 48, -1870, 0),
(78, 1, 49, -1870, 0),
(79, 2, 49, -1870, 0),
(80, 1, 50, -1870, 0),
(81, 2, 50, -1870, 0),
(82, 1, 51, -1870, 0),
(83, 2, 51, -1870, 0),
(84, 1, 52, -2537, 0),
(85, 2, 52, -2537, 0),
(86, 1, 53, -1870, 0),
(87, 2, 53, -1870, 0),
(88, 1, 54, -1870, 0),
(89, 2, 54, -1870, 0),
(90, 1, 55, -1870, 0),
(91, 2, 55, -1870, 0),
(92, 1, 56, -1870, 0),
(93, 2, 56, -1870, 0),
(94, 1, 57, -1870, 0),
(95, 2, 57, -1870, 0),
(96, 1, 58, -1870, 0),
(97, 2, 58, -1870, 0),
(98, 1, 59, -1870, 0),
(99, 2, 59, -1870, 0),
(100, 1, 60, 48131, 0),
(101, 2, 60, 48131, 0),
(102, 1, 61, -1870, 0),
(103, 2, 61, -1870, 0),
(104, 1, 62, -1870, 0),
(105, 2, 62, -1870, 0),
(106, 1, 63, -1870, 0),
(107, 2, 63, -1870, 0),
(108, 1, 64, -1870, 0),
(109, 2, 64, -1870, 0),
(110, 1, 65, -1870, 0),
(111, 2, 65, -1870, 0),
(112, 1, 66, -1870, 0),
(113, 2, 66, -1870, 0),
(114, 1, 67, -1870, 0),
(115, 2, 67, -1870, 0),
(116, 1, 68, -1870, 0),
(117, 2, 68, -1870, 0),
(118, 1, 69, 48131, 0),
(119, 2, 69, 48131, 0),
(120, 1, 70, -1870, 0),
(121, 2, 70, -1870, 0),
(122, 1, 71, -1870, 0),
(123, 2, 71, -1870, 0),
(124, 1, 72, 48131, 0),
(125, 2, 72, 48131, 0),
(126, 1, 73, -1870, 0),
(127, 2, 73, -1870, 0),
(128, 1, 74, -1870, 0),
(129, 2, 74, -1870, 0),
(130, 1, 75, -1870, 0),
(131, 2, 75, -1870, 0),
(132, 1, 76, 48131, 0),
(133, 2, 76, 48131, 0),
(134, 1, 77, 48131, 0),
(135, 2, 77, 48131, 0),
(136, 1, 78, -1870, 0),
(137, 2, 78, -1870, 0),
(138, 1, 79, 99938, 0),
(139, 2, 79, 99938, 0),
(140, 1, 80, 38131, 0),
(141, 2, 80, 38131, 0),
(142, 1, 81, -1870, 0),
(143, 2, 81, -1870, 0),
(144, 1, 82, -1870, 0),
(145, 2, 82, -1870, 0),
(146, 1, 83, 48131, 0),
(147, 2, 83, 48131, 0),
(148, 1, 84, -1870, 0),
(149, 2, 84, -1870, 0),
(150, 1, 85, 49271, 0),
(151, 2, 85, 49271, 0),
(152, 1, 86, 48131, 0),
(153, 2, 86, 48131, 0),
(154, 1, 87, -1870, 0),
(155, 2, 87, -1870, 0),
(156, 1, 88, 49938, 0),
(157, 2, 88, 49938, 0),
(158, 1, 89, -1870, 0),
(159, 2, 89, -1870, 0),
(160, 1, 90, -1870, 0),
(161, 2, 90, -1870, 0),
(162, 1, 91, -1870, 0),
(163, 2, 91, -1870, 0),
(164, 1, 92, -1870, 0),
(165, 2, 92, -1870, 0),
(168, 3, 85, 59271, 0),
(169, 3, 33, 51078, 0),
(170, 3, 52, -2537, 0),
(171, 2, 1, 100000, 0),
(172, 2, 43, -1870, 0),
(173, 2, 5, 10000, 0),
(174, 2, 102, 5000, 0),
(175, 8, 85, 49271, 0),
(176, 8, 33, 51078, 0),
(177, 8, 79, 99938, 0),
(178, 8, 5, 50000, 0),
(179, 8, 24, 49938, 0),
(180, 8, 23, 49938, 0),
(181, 8, 8, 26000, 0),
(182, 8, 88, 49938, 0),
(183, 8, 8, 26000, 0),
(184, 8, 41, 48131, 0),
(185, 8, 1, 54000, 0),
(186, 8, 44, -1870, 0),
(187, 8, 29, 48131, 0),
(188, 8, 32, -1870, 0),
(189, 8, 55, -1870, 0),
(190, 8, 36, -1870, 0),
(191, 8, 73, -1870, 0),
(192, 8, 89, -1870, 0),
(193, 8, 63, -1870, 0),
(194, 8, 66, -1870, 0),
(195, 8, 80, 38131, 0),
(196, 8, 11, -1870, 0),
(197, 8, 71, -1870, 0),
(198, 8, 61, -1870, 0),
(199, 8, 86, 48131, 0),
(200, 8, 28, 48131, 0),
(201, 8, 77, 48131, 0),
(202, 8, 57, -1870, 0),
(203, 8, 75, -1870, 0),
(204, 8, 35, 48131, 0),
(205, 8, 76, 48131, 0),
(206, 8, 29, 48131, 0),
(207, 8, 65, -1870, 0),
(208, 8, 43, -1870, 0),
(209, 8, 30, 48131, 0),
(210, 8, 26, -1870, 0),
(211, 8, 51, -1870, 0),
(212, 8, 72, 48131, 0),
(213, 8, 94, 36000, 0),
(214, 8, 69, 48131, 0),
(215, 8, 69, 48131, 0),
(216, 8, 53, -1870, 0),
(217, 8, 50, -1870, 0),
(218, 8, 82, -1870, 0),
(219, 8, 34, -1870, 0),
(220, 8, 59, -1870, 0),
(221, 8, 46, -1870, 0),
(222, 8, 47, -1870, 0),
(223, 8, 31, -1870, 0),
(224, 8, 77, 48131, 0),
(225, 8, 60, 48131, 0),
(226, 8, 10, 49938, 0),
(227, 8, 37, -1870, 0),
(228, 8, 67, -1870, 0),
(229, 8, 78, -1870, 0),
(230, 8, 40, -1870, 0),
(231, 8, 42, -1870, 0),
(232, 8, 52, -2537, 0),
(233, 8, 84, -1870, 0),
(234, 8, 68, -1870, 0),
(235, 8, 48, -1870, 0),
(236, 8, 45, -1870, 0),
(237, 8, 74, -1870, 0),
(238, 8, 95, 6000, 0),
(239, 8, 49, -1870, 0),
(240, 8, 49, -1870, 0),
(241, 8, 64, -1870, 0),
(242, 8, 27, -1870, 0),
(243, 8, 58, -1870, 0),
(244, 8, 83, 48131, 0),
(245, 8, 62, -1870, 0),
(246, 8, 70, -1870, 0),
(247, 8, 96, 9000, 0),
(248, 8, 38, -1870, 0),
(249, 8, 97, 42725, 0),
(250, 8, 104, 13000, 0),
(251, 8, 98, 22000, 0),
(252, 8, 99, 42725, 0),
(253, 8, 54, -1870, 0),
(254, 8, 100, 49450, 0),
(255, 8, 87, -1870, 0),
(256, 8, 91, -1870, 0),
(257, 8, 103, 8000, 0),
(258, 8, 25, -1870, 0),
(259, 8, 101, 26000, 0),
(260, 8, 90, -1870, 0),
(261, 8, 56, -1870, 0),
(262, 8, 102, 50000, 0),
(263, 8, 39, -1870, 0),
(264, 8, 93, 16000, 0),
(265, 9, 67, -1870, 0),
(266, 9, 46, -1870, 0),
(267, 9, 79, 99938, 0),
(270, 9, 5, 0, 0),
(269, 8, 85, 49271, 0),
(271, 10, 59, 0, 0),
(272, 10, 72, 0, 0),
(273, 11, 126, 900000, 0),
(274, 11, 71, 79000, 0),
(275, 11, 82, 40000, 0),
(276, 11, 51, 800000, 0),
(277, 11, 52, 18000, 0),
(278, 11, 26, 3000, 0),
(279, 11, 118, 500000, 0),
(280, 11, 132, 100000, 0),
(281, 11, 99, 100000, 0),
(282, 11, 37, 10000, 0),
(283, 11, 119, 20000, 0),
(284, 11, 115, 11000, 0),
(285, 11, 97, 5000, 0),
(286, 11, 90, 150000, 0),
(287, 11, 69, 40000, 0),
(288, 11, 23, 75000, 0);

-- --------------------------------------------------------

--
-- Table structure for table `credit_debts`
--

CREATE TABLE `credit_debts` (
  `debt_id` int(11) NOT NULL,
  `user_id` int(11) NOT NULL,
  `debt_amount` int(11) NOT NULL,
  `update_date` datetime NOT NULL DEFAULT CURRENT_TIMESTAMP
) ENGINE=MyISAM DEFAULT CHARSET=utf8mb4;

--
-- Dumping data for table `credit_debts`
--

INSERT INTO `credit_debts` (`debt_id`, `user_id`, `debt_amount`, `update_date`) VALUES
(4, 90, 0, '2022-04-25 00:00:00'),
(3, 29, 0, '2021-04-27 00:00:00'),
(5, 75, 0, '2021-04-27 00:00:00'),
(6, 64, 0, '2021-04-27 00:00:00'),
(7, 26, 125000, '2022-05-02 00:00:00'),
(8, 73, 0, '2022-04-25 00:00:00'),
(9, 67, 100, '2022-04-25 00:00:00'),
(10, 68, 187500, '2022-05-02 00:00:00'),
(11, 105, 500000, '2022-05-02 00:00:00'),
(12, 58, 0, '2021-04-27 00:00:00'),
(13, 99, 0, '2022-04-25 00:00:00'),
(14, 23, 0, '2022-04-25 00:00:00'),
(15, 1, 0, '2022-04-25 00:00:00'),
(16, 28, 187500, '2022-05-02 00:00:00'),
(17, 79, 0, '2022-08-04 00:00:00'),
(18, 71, 0, '2022-04-25 00:00:00'),
(19, 83, 0, '2022-04-25 00:00:00'),
(20, 33, 0, '2022-08-04 00:00:00'),
(21, 43, 0, '2022-04-25 00:00:00'),
(22, 69, 0, '2022-08-04 00:00:00'),
(23, 53, 22500, '0000-00-00 00:00:00'),
(24, 27, 0, '2022-04-25 00:00:00'),
(25, 100, 0, '2022-04-25 00:00:00'),
(26, 24, 0, '2022-04-25 00:00:00'),
(27, 77, 0, '2021-04-27 00:00:00'),
(28, 10, 0, '2022-08-04 00:00:00'),
(29, 38, 0, '2022-04-25 00:00:00'),
(30, 76, 0, '2021-04-27 00:00:00'),
(31, 11, 1250000, '2022-05-02 00:00:00'),
(32, 31, 0, '2022-04-25 00:00:00'),
(33, 63, 0, '2022-04-25 00:00:00'),
(34, 57, 0, '2021-04-27 00:00:00'),
(35, 61, 0, '2022-04-25 00:00:00'),
(36, 55, 0, '2022-04-25 00:00:00'),
(37, 5, 0, '2022-05-25 00:00:00'),
(38, 35, 437500, '2022-05-02 00:00:00'),
(39, 36, 125000, '2022-05-02 00:00:00'),
(40, 49, 27700, '2021-03-11 18:50:30'),
(41, 78, 0, '2022-04-25 00:00:00'),
(42, 39, 0, '2022-04-25 00:00:00'),
(43, 85, 0, '0000-00-00 00:00:00'),
(44, 86, 0, '2022-04-25 00:00:00'),
(45, 54, 125000, '2022-05-02 00:00:00'),
(46, 70, 0, '2022-04-25 00:00:00'),
(47, 30, 0, '2022-04-25 00:00:00'),
(48, 66, 312500, '2022-05-02 00:00:00'),
(49, 84, 437500, '2022-05-02 00:00:00'),
(50, 102, 0, '2022-04-25 00:00:00'),
(51, 59, 125000, '2022-08-11 10:10:52'),
(52, 115, 187500, '2022-08-11 10:13:32'),
(53, 133, 62500, '2022-05-02 00:00:00'),
(54, 134, 187500, '2022-08-11 11:09:09'),
(55, 119, 62500, '2022-08-11 11:12:20'),
(56, 34, 250000, '2022-08-11 11:14:20'),
(57, 111, 250000, '2022-08-11 11:15:17'),
(58, 98, 250000, '2022-08-11 11:17:06'),
(59, 97, 187500, '2022-08-11 11:21:02');

-- --------------------------------------------------------

--
-- Table structure for table `credit_records`
--

CREATE TABLE `credit_records` (
  `rec_id` int(11) NOT NULL,
  `user_id` int(11) NOT NULL,
  `loan` int(11) NOT NULL DEFAULT '0',
  `refund` int(11) NOT NULL DEFAULT '0',
  `record_date` datetime NOT NULL DEFAULT CURRENT_TIMESTAMP
) ENGINE=MyISAM DEFAULT CHARSET=utf8mb4;

--
-- Dumping data for table `credit_records`
--

INSERT INTO `credit_records` (`rec_id`, `user_id`, `loan`, `refund`, `record_date`) VALUES
(22, 99, 25000, 0, '0000-00-00 00:00:00'),
(21, 58, 125000, 0, '0000-00-00 00:00:00'),
(20, 105, 62500, 0, '0000-00-00 00:00:00'),
(19, 68, 153100, 0, '0000-00-00 00:00:00'),
(18, 67, 62500, 0, '0000-00-00 00:00:00'),
(17, 73, 100000, 0, '0000-00-00 00:00:00'),
(16, 26, 125000, 0, '0000-00-00 00:00:00'),
(15, 64, 500000, 0, '0000-00-00 00:00:00'),
(14, 75, 62500, 0, '0000-00-00 00:00:00'),
(13, 90, 25000, 0, '0000-00-00 00:00:00'),
(12, 29, 100000, 0, '0000-00-00 00:00:00'),
(23, 23, 250000, 0, '0000-00-00 00:00:00'),
(24, 29, 60000, 0, '0000-00-00 00:00:00'),
(25, 1, 625000, 0, '0000-00-00 00:00:00'),
(26, 28, 1250000, 0, '0000-00-00 00:00:00'),
(27, 79, 168815, 0, '0000-00-00 00:00:00'),
(28, 28, 62500, 0, '0000-00-00 00:00:00'),
(29, 71, 625000, 0, '0000-00-00 00:00:00'),
(30, 83, 187500, 0, '0000-00-00 00:00:00'),
(31, 33, 25000, 0, '0000-00-00 00:00:00'),
(32, 43, 312500, 0, '0000-00-00 00:00:00'),
(33, 26, 62500, 0, '0000-00-00 00:00:00'),
(34, 69, 62500, 0, '0000-00-00 00:00:00'),
(35, 28, 30000, 0, '0000-00-00 00:00:00'),
(36, 53, 12500, 0, '0000-00-00 00:00:00'),
(37, 27, 18750, 0, '0000-00-00 00:00:00'),
(38, 73, 250000, 0, '0000-00-00 00:00:00'),
(39, 23, 125000, 0, '0000-00-00 00:00:00'),
(40, 100, 25000, 0, '0000-00-00 00:00:00'),
(41, 69, 90250, 0, '0000-00-00 00:00:00'),
(42, 67, 168750, 0, '0000-00-00 00:00:00'),
(43, 24, 225000, 0, '0000-00-00 00:00:00'),
(44, 77, 900000, 0, '0000-00-00 00:00:00'),
(45, 58, 142900, 0, '0000-00-00 00:00:00'),
(46, 58, 375000, 0, '0000-00-00 00:00:00'),
(47, 10, 56250, 0, '0000-00-00 00:00:00'),
(48, 83, 22500, 0, '0000-00-00 00:00:00'),
(49, 33, 17000, 0, '0000-00-00 00:00:00'),
(50, 64, 225000, 0, '0000-00-00 00:00:00'),
(51, 73, 33750, 0, '0000-00-00 00:00:00'),
(52, 38, 16875, 0, '0000-00-00 00:00:00'),
(53, 76, 89500, 0, '0000-00-00 00:00:00'),
(54, 105, 562500, 0, '0000-00-00 00:00:00'),
(55, 83, 112500, 0, '0000-00-00 00:00:00'),
(56, 26, 112500, 0, '0000-00-00 00:00:00'),
(57, 71, 112500, 0, '0000-00-00 00:00:00'),
(58, 1, 1365000, 0, '0000-00-00 00:00:00'),
(59, 11, 525000, 0, '0000-00-00 00:00:00'),
(60, 73, 210000, 0, '0000-00-00 00:00:00'),
(61, 31, 157500, 0, '0000-00-00 00:00:00'),
(62, 29, 157500, 0, '0000-00-00 00:00:00'),
(63, 69, 210000, 0, '0000-00-00 00:00:00'),
(64, 63, 30000, 0, '0000-00-00 00:00:00'),
(65, 29, 105000, 0, '0000-00-00 00:00:00'),
(66, 73, 262500, 0, '0000-00-00 00:00:00'),
(67, 10, 105000, 0, '0000-00-00 00:00:00'),
(68, 57, 105000, 0, '0000-00-00 00:00:00'),
(69, 61, 105000, 0, '0000-00-00 00:00:00'),
(70, 24, 157500, 0, '0000-00-00 00:00:00'),
(71, 71, 157500, 0, '0000-00-00 00:00:00'),
(72, 53, 10000, 0, '0000-00-00 00:00:00'),
(73, 55, 485625, 0, '0000-00-00 00:00:00'),
(74, 5, 787500, 0, '0000-00-00 00:00:00'),
(75, 35, 488750, 0, '0000-00-00 00:00:00'),
(76, 38, 65700, 0, '0000-00-00 00:00:00'),
(77, 36, 157500, 0, '0000-00-00 00:00:00'),
(78, 49, 27700, 0, '0000-00-00 00:00:00'),
(79, 77, 131250, 0, '0000-00-00 00:00:00'),
(80, 33, 32900, 0, '0000-00-00 00:00:00'),
(81, 78, 251000, 0, '0000-00-00 00:00:00'),
(82, 55, 162375, 0, '0000-00-00 00:00:00'),
(83, 67, 485625, 0, '0000-00-00 00:00:00'),
(84, 39, 103000, 0, '0000-00-00 00:00:00'),
(85, 68, 245500, 0, '0000-00-00 00:00:00'),
(86, 85, 108000, 0, '0000-00-00 00:00:00'),
(87, 28, 125000, 0, '0000-00-00 00:00:00'),
(88, 71, 750000, 0, '0000-00-00 00:00:00'),
(89, 75, 125000, 0, '0000-00-00 00:00:00'),
(90, 73, 312500, 0, '0000-00-00 00:00:00'),
(91, 26, 187500, 0, '0000-00-00 00:00:00'),
(92, 1, 1250000, 0, '0000-00-00 00:00:00'),
(93, 86, 750000, 0, '0000-00-00 00:00:00'),
(94, 69, 375000, 0, '0000-00-00 00:00:00'),
(95, 54, 250000, 0, '0000-00-00 00:00:00'),
(96, 76, 187500, 0, '0000-00-00 00:00:00'),
(97, 70, 1500000, 0, '0000-00-00 00:00:00'),
(98, 30, 187500, 0, '0000-00-00 00:00:00'),
(99, 24, 87500, 0, '0000-00-00 00:00:00'),
(100, 31, 250000, 0, '0000-00-00 00:00:00'),
(101, 61, 287500, 0, '0000-00-00 00:00:00'),
(102, 10, 250000, 0, '0000-00-00 00:00:00'),
(103, 66, 375000, 0, '0000-00-00 00:00:00'),
(104, 63, 812500, 0, '0000-00-00 00:00:00'),
(105, 84, 375000, 0, '0000-00-00 00:00:00'),
(106, 102, 375000, 0, '0000-00-00 00:00:00'),
(107, 57, 625000, 0, '0000-00-00 00:00:00'),
(108, 29, 312500, 0, '0000-00-00 00:00:00'),
(109, 67, 150000, 0, '0000-00-00 00:00:00'),
(110, 67, 0, 15000, '0000-00-00 00:00:00'),
(111, 31, 0, 8000, '0000-00-00 00:00:00'),
(112, 63, 0, 10000, '0000-00-00 00:00:00'),
(113, 77, 0, 25000, '0000-00-00 00:00:00'),
(114, 60, 0, 260000, '0000-00-00 00:00:00'),
(115, 65, 0, 16000, '0000-00-00 00:00:00'),
(116, 68, 0, 25000, '0000-00-00 00:00:00'),
(117, 68, 0, 25000, '0000-00-00 00:00:00'),
(118, 75, 0, 15000, '0000-00-00 00:00:00'),
(119, 45, 0, 9500, '0000-00-00 00:00:00'),
(120, 68, 0, 25000, '0000-00-00 00:00:00'),
(121, 104, 0, 46000, '0000-00-00 00:00:00'),
(122, 73, 0, 200000, '0000-00-00 00:00:00'),
(123, 29, 0, 100000, '0000-00-00 00:00:00'),
(124, 60, 0, 5000, '0000-00-00 00:00:00'),
(125, 67, 0, 10000, '0000-00-00 00:00:00'),
(126, 1, 0, 27000, '0000-00-00 00:00:00'),
(127, 73, 0, 10000, '0000-00-00 00:00:00'),
(128, 35, 0, 100000, '0000-00-00 00:00:00'),
(129, 66, 0, 30000, '0000-00-00 00:00:00'),
(130, 59, 0, 15000, '0000-00-00 00:00:00'),
(131, 73, 0, 20000, '0000-00-00 00:00:00'),
(132, 5, 0, 100000, '0000-00-00 00:00:00'),
(133, 72, 0, 1000, '0000-00-00 00:00:00'),
(134, 60, 0, 10000, '0000-00-00 00:00:00'),
(135, 67, 0, 15000, '0000-00-00 00:00:00'),
(136, 31, 0, 8000, '0000-00-00 00:00:00'),
(137, 63, 0, 10000, '0000-00-00 00:00:00'),
(138, 77, 0, 25000, '0000-00-00 00:00:00'),
(139, 85, 0, 108000, '0000-00-00 00:00:00'),
(140, 68, 0, 25000, '0000-00-00 00:00:00'),
(141, 68, 0, 25000, '0000-00-00 00:00:00'),
(142, 73, 0, 200000, '0000-00-00 00:00:00'),
(143, 29, 0, 100000, '0000-00-00 00:00:00'),
(144, 60, 0, 5000, '0000-00-00 00:00:00'),
(145, 60, 0, 5000, '0000-00-00 00:00:00'),
(146, 33, 0, 79400, '2022-11-04 00:00:00'),
(147, 24, 0, 470000, '2022-04-25 00:00:00'),
(148, 23, 0, 375000, '2022-04-25 00:00:00'),
(149, 5, 0, 687500, '2022-05-25 00:00:00'),
(150, 33, 0, 4500, '2022-08-04 00:00:00'),
(151, 10, 0, 411250, '2022-08-04 00:00:00'),
(152, 79, 0, 168815, '2022-08-04 00:00:00'),
(153, 69, 0, 737750, '2022-08-04 00:00:00'),
(154, 64, 0, 7250000, '2022-08-04 00:00:00'),
(155, 64, 6250000, 0, '2022-08-04 00:00:00'),
(156, 33, 9000, 0, '2022-08-04 00:00:00'),
(157, 64, 275000, 0, '2022-04-25 00:00:00'),
(158, 77, 0, 985250, '2022-08-25 00:00:00'),
(159, 77, 4000, 0, '2022-04-25 00:00:00'),
(160, 28, 0, 1467500, '2022-04-25 00:00:00'),
(161, 1, 0, 3213000, '2022-04-25 00:00:00'),
(162, 76, 0, 277000, '2022-04-25 00:00:00'),
(163, 76, 0, 277000, '2022-04-25 00:00:00'),
(164, 76, 277000, 0, '2022-04-25 00:00:00'),
(165, 29, 0, 535000, '2022-04-25 00:00:00'),
(166, 30, 0, 187500, '2022-04-25 00:00:00'),
(167, 83, 0, 322500, '2022-04-25 00:00:00'),
(168, 100, 0, 25000, '2022-04-25 00:00:00'),
(169, 86, 0, 750000, '2022-04-25 00:00:00'),
(170, 99, 0, 25000, '2022-04-25 00:00:00'),
(171, 102, 0, 375000, '2022-04-25 00:00:00'),
(172, 35, 0, 388750, '2022-04-25 00:00:00'),
(173, 84, 0, 375000, '2022-04-25 00:00:00'),
(174, 61, 0, 392500, '2022-04-25 00:00:00'),
(175, 71, 0, 1645000, '2022-04-25 00:00:00'),
(176, 27, 0, 18750, '2022-04-25 00:00:00'),
(177, 73, 0, 738750, '2022-04-25 00:00:00'),
(178, 31, 0, 391500, '2022-04-25 00:00:00'),
(179, 43, 0, 312500, '2022-04-25 00:00:00'),
(180, 67, 0, 826775, '2022-04-25 00:00:00'),
(181, 55, 0, 648000, '2022-04-25 00:00:00'),
(182, 36, 0, 157500, '2022-04-25 00:00:00'),
(183, 68, 0, 273600, '2022-04-25 00:00:00'),
(184, 78, 0, 251000, '2022-04-25 00:00:00'),
(185, 38, 0, 82575, '2022-04-25 00:00:00'),
(186, 57, 0, 730000, '2022-04-25 00:00:00'),
(187, 70, 0, 1500000, '2022-04-25 00:00:00'),
(188, 57, 0, 625000, '2022-04-25 00:00:00'),
(189, 90, 0, 25000, '2022-04-25 00:00:00'),
(190, 57, 625000, 0, '2022-04-25 00:00:00'),
(191, 105, 0, 625000, '2022-04-25 00:00:00'),
(192, 63, 0, 822500, '2022-04-25 00:00:00'),
(193, 39, 0, 103000, '2022-04-25 00:00:00'),
(194, 66, 0, 345000, '2022-04-25 00:00:00'),
(195, 11, 0, 525000, '2022-04-25 00:00:00'),
(196, 75, 0, 172500, '2021-04-27 00:00:00'),
(197, 26, 0, 487500, '2021-04-27 00:00:00'),
(198, 54, 0, 250000, '2021-04-27 00:00:00'),
(199, 58, 0, 642900, '2021-04-27 00:00:00'),
(200, 59, 125000, 0, '2022-05-02 00:00:00'),
(201, 115, 187500, 0, '2022-05-02 00:00:00'),
(202, 133, 625000, 0, '2022-05-02 00:00:00'),
(203, 133, 0, 625000, '2022-05-02 00:00:00'),
(204, 57, 0, 625000, '2021-04-27 00:00:00'),
(205, 76, 0, 277000, '2021-04-27 00:00:00'),
(206, 64, 0, 275000, '2021-04-27 00:00:00'),
(207, 64, 0, 625000, '2021-04-27 00:00:00'),
(208, 77, 0, 4000, '2021-04-27 00:00:00'),
(209, 29, 0, 312500, '2021-04-27 00:00:00'),
(210, 57, 625000, 0, '2021-04-27 00:00:00'),
(211, 76, 277000, 0, '2021-04-27 00:00:00'),
(212, 29, 3125000, 0, '2021-04-27 00:00:00'),
(213, 64, 90000, 0, '2021-04-27 00:00:00'),
(214, 64, 810000, 0, '2021-04-27 00:00:00'),
(215, 29, 0, 2812500, '2021-04-27 00:00:00'),
(216, 77, 0, 4000, '2021-04-27 00:00:00'),
(217, 77, 8000, 0, '2021-04-27 00:00:00'),
(218, 133, 62500, 0, '2022-05-02 00:00:00'),
(219, 54, 125000, 0, '2022-05-02 00:00:00'),
(220, 28, 187500, 0, '2022-05-02 00:00:00'),
(221, 134, 187500, 0, '2022-05-02 00:00:00'),
(222, 26, 125000, 0, '2022-05-02 00:00:00'),
(223, 36, 125000, 0, '2022-05-02 00:00:00'),
(224, 119, 62500, 0, '2022-05-02 00:00:00'),
(225, 68, 187500, 0, '2022-05-02 00:00:00'),
(226, 34, 250000, 0, '2022-05-02 00:00:00'),
(227, 111, 250000, 0, '2022-05-02 00:00:00'),
(228, 66, 312500, 0, '2022-05-02 00:00:00'),
(229, 98, 250000, 0, '2022-05-02 00:00:00'),
(230, 35, 437500, 0, '2022-05-02 00:00:00'),
(231, 84, 437500, 0, '2022-05-02 00:00:00'),
(232, 97, 187500, 0, '2022-05-02 00:00:00'),
(233, 105, 500000, 0, '2022-05-02 00:00:00'),
(234, 11, 1250000, 0, '2022-05-02 00:00:00');

-- --------------------------------------------------------

--
-- Table structure for table `credit_wallet`
--

CREATE TABLE `credit_wallet` (
  `wallet_id` int(11) NOT NULL,
  `wallet_name` varchar(200) NOT NULL,
  `sold` int(11) NOT NULL DEFAULT '0',
  `update_date` timestamp NOT NULL DEFAULT CURRENT_TIMESTAMP
) ENGINE=MyISAM DEFAULT CHARSET=utf8mb4;

--
-- Dumping data for table `credit_wallet`
--

INSERT INTO `credit_wallet` (`wallet_id`, `wallet_name`, `sold`, `update_date`) VALUES
(1, 'caisse crédit', -4927800, '2021-01-26 22:27:21');

-- --------------------------------------------------------

--
-- Table structure for table `helprecords`
--

CREATE TABLE `helprecords` (
  `help_id` int(11) NOT NULL,
  `type_id` int(11) NOT NULL,
  `source_id` int(11) NOT NULL,
  `user_id` int(11) NOT NULL,
  `amount` int(11) NOT NULL,
  `help_date` datetime NOT NULL DEFAULT CURRENT_TIMESTAMP
) ENGINE=MyISAM DEFAULT CHARSET=utf8mb4;

--
-- Dumping data for table `helprecords`
--

INSERT INTO `helprecords` (`help_id`, `type_id`, `source_id`, `user_id`, `amount`, `help_date`) VALUES
(9, 1, 1, 85, 5000, '2022-07-24 00:00:00'),
(10, 6, 3, 33, 2000, '2022-07-24 00:00:00');

-- --------------------------------------------------------

--
-- Table structure for table `helptypes`
--

CREATE TABLE `helptypes` (
  `type_id` int(11) NOT NULL,
  `name` varchar(255) NOT NULL
) ENGINE=MyISAM DEFAULT CHARSET=utf8;

--
-- Dumping data for table `helptypes`
--

INSERT INTO `helptypes` (`type_id`, `name`) VALUES
(1, 'Décès conjoint'),
(2, 'Décès du père'),
(3, 'Décès de la mère'),
(4, 'Décès enfants'),
(5, 'Aide santé'),
(6, 'Aide scolaire');

-- --------------------------------------------------------

--
-- Table structure for table `members`
--

CREATE TABLE `members` (
  `id` int(11) NOT NULL,
  `first_name` varchar(200) NOT NULL,
  `last_name` varchar(200) NOT NULL,
  `gender` varchar(200) NOT NULL,
  `contact` varchar(200) NOT NULL,
  `address` varchar(200) NOT NULL,
  `cni` varchar(255) NOT NULL,
  `family_status` varchar(200) NOT NULL,
  `father_name` varchar(255) DEFAULT NULL,
  `mother_name` varchar(255) DEFAULT NULL,
  `conjoint` varchar(255) DEFAULT NULL,
  `successor` varchar(255) DEFAULT NULL,
  `conjoint_contact` varchar(255) NOT NULL,
  `successor_contact` varchar(255) NOT NULL,
  `username` varchar(200) NOT NULL,
  `photo` varchar(255) NOT NULL DEFAULT 'user-avatar.png',
  `role` varchar(200) NOT NULL,
  `title` varchar(255) NOT NULL,
  `password` varchar(200) NOT NULL,
  `pass_readable` varchar(255) NOT NULL,
  `join_date` timestamp NOT NULL DEFAULT CURRENT_TIMESTAMP
) ENGINE=MyISAM DEFAULT CHARSET=utf8;

--
-- Dumping data for table `members`
--

INSERT INTO `members` (`id`, `first_name`, `last_name`, `gender`, `contact`, `address`, `cni`, `family_status`, `father_name`, `mother_name`, `conjoint`, `successor`, `conjoint_contact`, `successor_contact`, `username`, `photo`, `role`, `title`, `password`, `pass_readable`, `join_date`) VALUES
(1, 'Bodo ', 'Paul Serge', 'masculin', '699357864', 'Yaoundé, Ngousso', '101055538', 'Marié(e)', 'Eluna menuna Pierre ', 'Bodo bilegue Justine ', 'Bodo Amélie ', 'Bodo Amélie ', '675054298', '675054298', 'bodo', 'user-avatar.png', 'administrateur', '', '81dc9bdb52d04dc20036dbd8313ed055', '1234', '2020-09-17 16:08:27'),
(5, 'ATANGANA', 'Narcis', 'masculin', '677956019', 'Yaoundé, Ngousso', '125365475', 'membre', 'NDZODO FRANCOIS ', 'NGONO AMBATIMA CATHERINE', 'NGONO MARIE JEANNE ', 'Mme Atangana', '679247249', 'RAS', 'atangana narcis', 'black-man-african-american-male-african-american-male-model-black-men-person-adult-african-young-smile.jpg', 'membre', '', 'f45dd2b3166119ceafd7bcfa6ccb7b61', 'narcis123', '2020-09-29 13:29:02'),
(8, 'AYISSI AYISSI ', 'Benoît Mathurin', 'masculin', '690978019', 'Yaoundé, Essos', '111689634', 'membre', 'Ndah Alphonse', 'Mballa Thérèse ', 'Enganalim Phélicienne Aurélie', 'Ayissi Beyeck Yvan Loïc', '699998651', '693518525', 'ayissi', '93c106f3aa05f60276892a82d86c4b81.jpg', 'membre', '', '00a5f964760389d0d4c3136229be4e3e', 'marie1234', '2020-10-21 13:43:24'),
(10, 'Bedje À Kiiki', 'Manuela', 'feminin', '679080633', 'Yaoundé , Nyom', '101053757', 'membre', 'Aboun Marie', 'Kos À Kiiki Aimée Prudence ', 'OBONO Christophe', 'OBONO Christophe ', '691949499', '677394617', 'manuela', '2175bf2e6e8cad0b0be1d4abe33ce8611.jpg', 'membre', '', '81dc9bdb52d04dc20036dbd8313ed055', '1234', '2020-11-11 10:33:54'),
(11, 'Obono', 'Christophe', 'masculin', '677394617', 'Yaoundé, Emana', '00187967', 'Célibataire', 'Ékémé Celestin', 'Ambanga Marie', 'Bedje 679080633', 'Bedje 679080633', '', '', 'christophe', 'cheveux-sec.jpg', 'administrateur', '', '827ccb0eea8a706c4c34a16891f84e7b', '12345', '2020-11-11 10:41:02'),
(25, 'Mondji', 'fanche raphael', 'masculin', '677786882', 'yde emombo', '10075874', 'Membre', 'Modi fanche jean paul', 'noutiamo', 'kembou florence tel:654256164', 'kembou florence', '654256164', '654256164', 'mondji', 'user-avatar.png', 'membre', '', '4a7d1ed414474e4033ac29ccb8653d9b', '0000', '2020-11-17 21:34:47'),
(24, 'ATEMEZING DJOUMESSI', 'Émile', 'masculin', '677455571', 'Yaoundé Messassi', '100510435', 'membre', 'Djoumessi Mathias', 'Ngemfack Fofack Hélène ', 'Mballa Françoise  tel:697369825', 'Mballa Françoise ', '67564679', '76 6726253766', 'atemezing', 'user-avatar.png', 'membre', '', '4a7d1ed414474e4033ac29ccb8653d9b', '0000', '2020-11-17 20:37:23'),
(31, 'MENYE ETONO', 'sosthene', 'masculin', '675988041', 'yde emana', '115752122', 'membre', 'iroko adolphe', 'eleme ayissi rosalie', 'tsonko iroko rosine  tel:678845113', 'tsonko iroko rosine ', '678845113', '678845113', 'menye', 'user-avatar.png', 'membre', '', '4a7d1ed414474e4033ac29ccb8653d9b', '0000', '2020-11-18 18:28:12'),
(26, 'tsangueu ntontepeck', 'jacky', 'masculin', '677879009 ', 'yde nkong', '110890483', 'Marié(e)', 'tsangueu louis', 'nanfack elise', 'tchiendem rose saline tel:653059329', 'tchiendem rose ', '', '', 'tsangueu', 'user-avatar.png', 'membre', '', '4a7d1ed414474e4033ac29ccb8653d9b', '0000', '2020-11-18 17:53:10'),
(27, 'MBESSA METOMO', 'cesar', 'masculin', '677926595', 'yde mimbomane', 'permis 111027-13', 'membre', 'Metomo theophile', 'Anaba rosalie', 'Elomo marie tel:690830293', 'Elomo rosalie', '690830293', '690830293', 'mbessa', 'user-avatar.png', 'membre', '', '4a7d1ed414474e4033ac29ccb8653d9b', '0000', '2020-11-18 18:03:20'),
(28, 'BILONG', 'jean emile', 'masculin', '677355083', 'yde mvan base 101', '100946719', 'membre', 'ntep robert', 'mme veuve djon pierre', 'ras', 'ras', 'ras', 'ras', 'bilong', 'user-avatar.png', 'membre', '', '4a7d1ed414474e4033ac29ccb8653d9b', '0000', '2020-11-18 18:10:23'),
(29, 'Chouancheu Simé', 'Xavier', 'masculin', '670528383', 'Yaoundé Mimboman', '111245494', 'Membre', 'Simeu Zachée', 'Youze', 'ras', 'ras', '67564679', ' 672625376', 'chouancheu', 'user-avatar.png', 'membre', '', '4a7d1ed414474e4033ac29ccb8653d9b', '0000', '2020-11-18 18:15:37'),
(30, 'Deutou wouameu', 'arist', 'masculin', '675994237', 'yde nkol-messeng', '100922700', 'Membre Sage', 'mougoug alphonse', 'toukam tchawa cecile', 'monthe marie louise tel:67745079792', 'monthe marie louise', '677455079', '677455079', 'deutou', 'user-avatar.png', '', '', '4a7d1ed414474e4033ac29ccb8653d9b', '0000', '2020-11-18 18:22:16'),
(23, 'AWONO', 'Jean Bosco ', 'masculin', '674163572/658657064', 'Yaoundé nouvelle route omnisport ', '112712523', 'membre', 'Onana Jacques ', 'Minfoumou Ernestine ', 'Fouda tel 679787141', 'Fouda ', '679787141', '679787141', 'Awono ', '16055438866923218124642660026661.jpg', 'membre', '', '4a7d1ed414474e4033ac29ccb8653d9b', '0000', '2020-11-16 16:25:35'),
(32, 'Messi ', 'dieudonne', 'masculin', '677468262', 'yde nkol-ndom', 'ras', 'Vice President', 'Eloundou joseph', 'ndo,o marie blandine', 'ngono lomo beatrice tel:6758127859', 'ngono lomo beatrice', '67512277859', '675127859', 'messi', 'user-avatar.png', 'membre', '', '4a7d1ed414474e4033ac29ccb8653d9b', '0000', '2020-11-18 21:38:57'),
(111, 'ABENA NTEME', 'FERDINAND', 'masculin', '679902646', 'YDE OLEMBE', '117481756', 'Marié(e)', 'NTEME DIEUDONNE', 'NGA FIDELIE', 'ZOBO CHRISTINE', 'ZOBO CHRISTINE', '674589732', '674589732', 'abena nteme', 'user-avatar.png', 'membre', 'Membre Sage', '4a7d1ed414474e4033ac29ccb8653d9b', '0000', '2022-08-09 05:55:13'),
(34, 'Mbimbim garba ', 'marcel desere', 'masculin', '675843438', 'yde nkozoa', 'ras', 'Membre', 'mvigne gilbert', 'fetoh christine', 'mbessa oloa delphine pelagie tel 675983246', 'Delphine pelagie oloa Mbessa', '675983246', '675983246', 'mbimbim', 'user-avatar.png', 'membre', '', '4a7d1ed414474e4033ac29ccb8653d9b', '0000', '2020-11-18 21:51:01'),
(35, 'lekini belibi', 'philomene carole', 'feminin', '677035704', 'yde nkobissoin', 'ras', 'Célibataire', 'belibi momie simon  ', 'aulono ruphine', 'ras', 'ras', '', '', 'belibi', 'user-avatar.png', 'membre', '', '4a7d1ed414474e4033ac29ccb8653d9b', '0000', '2020-11-18 21:56:27'),
(36, 'Nga', 'Antoinette', 'feminin', '673712827', 'ras', 'ras', 'Membre', 'Touna onye', 'Efouba claire', 'ras', 'ras', 'ras', 'ras', 'nga', 'user-avatar.png', 'membre', '', '4a7d1ed414474e4033ac29ccb8653d9b', '0000', '2020-11-18 22:00:09'),
(37, 'TSIMI OLINGA', 'ambroise didier', 'masculin', '677455199/656618808', 'yde mballa 2', '000241208', 'membre', 'olinga ewodo basile', 'ambanga ngono marie anne', 'ayissi emotto solange tel:677455199', 'Ayissi emoto Solange ', '677509756', '677509756', 'tsimi olinga', 'user-avatar.png', 'membre', '', '4a7d1ed414474e4033ac29ccb8653d9b', '0000', '2020-11-18 22:07:35'),
(38, 'Ngono ebode', 'bernard youliam', 'masculin', '679919849', 'yde nkol-messeng', 'ras', 'Membre', 'Tsala onana severin', 'Fouda marie', 'biloa ngono carine agnes tel:678128683', 'Biloa carine', '678128683', '678128683', 'ngono', 'user-avatar.png', 'membre', '', '4a7d1ed414474e4033ac29ccb8653d9b', '0000', '2020-11-18 22:13:25'),
(39, 'NOGO', 'marcelin desire', 'masculin', '679746263', 'santa barbara', 'ras', 'membre', 'bilogui titus', 'elome therese', 'Mme Nogo Ndi Henriette', 'Mme Nogo Ndi Henriette', 'ras', 'ras', 'nogo', 'user-avatar.png', 'membre', '', '4a7d1ed414474e4033ac29ccb8653d9b', '0000', '2020-11-18 22:18:28'),
(40, 'Ngah manga', 'marie louise', 'feminin', '676046963', 'yde ngousso', 'ras', 'Membre', 'Manga mekanda jean', 'koassaga mifegue scholastique', 'benyomo pierre tel:674332322', 'Benyomo pierre', '674332322', '674332322', 'ngah manga', 'user-avatar.png', 'membre', '', '4a7d1ed414474e4033ac29ccb8653d9b', '0000', '2020-11-18 22:24:42'),
(41, 'Ayissi Emotto ', 'solange', 'masculin', '67750975', 'yde mballa2', 'ras', 'Marié(e)', 'Ossegue etongo justin', 'Ebene ambomo', 'Tsimi Olinga Didier', 'ras', '656618802', '656618802', 'ayissi', 'user-avatar.png', 'membre', '', '4a7d1ed414474e4033ac29ccb8653d9b', '0000', '2020-11-18 22:30:21'),
(42, 'Tsanga ', 'Fulbert', 'masculin', '677891333', 'obala nkolfeb', 'ras', 'membre', 'Tsanga Bidzogo Rigobert', 'Eyenga Adéline', 'Ngassa Céline tel:691367545', 'ras', '6656566', '56666', 'tsanga', 'user-avatar.png', 'membre', '', '4a7d1ed414474e4033ac29ccb8653d9b', '0000', '2020-11-18 22:36:32'),
(43, 'Mme Issaka née Kammoé Noumbissie ', 'Clémence', 'feminin', '677019321', 'Yaoundé Nkozoa', 'ras', 'Membre', 'Noumbissi Michel', 'Kammoé Pauline', 'Issaka Thomas Oscard tel:670869535', 'ras', '670869535', 'ras', 'kammoe', 'user-avatar.png', 'membre', '', '4a7d1ed414474e4033ac29ccb8653d9b', '0000', '2020-11-18 22:42:28'),
(44, 'Yopa ', 'ernest', '', '676898121', 'yde etoug-ebe', 'ras', '', 'petton francois', 'mekomou beatrice', 'ras', 'ras', '', '', 'yopa', 'user-avatar.png', 'membre', '', '4a7d1ed414474e4033ac29ccb8653d9b', '0000', '2020-11-18 22:53:59'),
(45, 'Nganse Diffor', 'simon', 'masculin', '671088144', 'yde titi garage', 'ras', 'Membre', 'kadiri jonathan', 'kwobo christine', 'kwassimui conport tel:673337911', 'Vassimui conport', '673337911', '673337911', 'nganse', 'user-avatar.png', 'membre', '', '4a7d1ed414474e4033ac29ccb8653d9b', '0000', '2020-11-18 23:03:11'),
(46, 'Mme Menga épse Nzali', 'Nathalie Pélagie', 'feminin', '677247850', 'Yaoundé Nkolfoulou', 'ras', 'Membre', 'Nzamen Berlin ', 'Nhoudza Delphine', 'Nzali André tél:677695369/694345195', 'Nzali André ', '677695369', '677695369', 'nzali', 'user-avatar.png', 'membre', '', '4a7d1ed414474e4033ac29ccb8653d9b', '0000', '2020-11-18 23:22:30'),
(47, 'TOUPEWOU', 'jean pierre', 'masculin', '677349841', 'yde nkolfoulou', 'ras', 'membre', 'metcheye andre', 'simeu suzanne', 'ngah etoundi justine tel:652387963', 'Ngah etoundi justine', '652387963', '652387963', 'toupewou', 'user-avatar.png', 'membre', '', '4a7d1ed414474e4033ac29ccb8653d9b', '0000', '2020-11-18 23:32:28'),
(48, 'Ngono lomo', 'beatrice', 'feminin', '675127859', 'yde akak', 'ras', 'Membre', 'lomo atangana roger', 'nga pascaline', 'messi dieudonne tel:677468262/693794080', 'Messi Dieudonne', '677468262', '677468262', 'ngono lomo', 'user-avatar.png', 'membre', '', '4a7d1ed414474e4033ac29ccb8653d9b', '0000', '2020-11-18 23:39:56'),
(49, 'Nanga ko', 'marcelline', 'feminin', '677226290', 'yde mfandena', 'ras', 'Membre', 'etoundi lazare', 'nanga issabelle', 'tsoungui ayang soleil tel:670353141', 'ras', '670353141', 'ras', 'nanga', 'user-avatar.png', 'membre', '', '4a7d1ed414474e4033ac29ccb8653d9b', '0000', '2020-11-18 23:48:37'),
(50, 'Olinga', 'innocent bertrand', 'masculin', '690539281', 'yde kondengui', 'ras', 'Membre', 'essomba jean marie', 'bikai obono therese', '690539281', 'ras', 'ras', 'ras', 'olinga', 'user-avatar.png', 'membre', '', '4a7d1ed414474e4033ac29ccb8653d9b', '0000', '2020-11-18 23:53:28'),
(51, 'NKOSSOM', 'sylvie', 'feminin', '675381650', 'yde eleveur', 'ras', 'membre', 'tagne tinkseu andre', 'dieboyom josephine', 'youbi jacques roger tel:695295325', 'ras', '695295325', '695295325', 'nkossom', 'user-avatar.png', 'membre', '', '4a7d1ed414474e4033ac29ccb8653d9b', '0000', '2020-11-18 23:58:47'),
(52, 'MBIADA', 'Guy', 'masculin', '679557133', 'yde nyom', '115833382', 'membre', 'MEMEN ROBERT', 'mbiami lysette', 'Tchubo nicolle', 'TCHOUBO CLARISSE', '675847807', 'ras', 'mbianda', 'user-avatar.png', 'membre', '', '4a7d1ed414474e4033ac29ccb8653d9b', '0000', '2020-11-19 00:03:20'),
(53, 'Ngae yombi ', 'francois', 'masculin', '650892462', 'yde nilong', 'ras', 'Membre', 'Yombi robert', 'Dibone margueritte', 'ras', 'ras', 'ras', 'ras', 'ngae yombi', 'user-avatar.png', 'membre', '', '4a7d1ed414474e4033ac29ccb8653d9b', '0000', '2020-11-19 00:08:00'),
(54, 'Petkeu Tchatchoua ', 'severin', 'masculin', '676429814', 'yde etoudi', '112313230', 'Membre', 'Wounda jean claude', 'Nya jeanne', 'mendomo oba fabienne tel:672282852', 'Mendomo oba Fabienne', '672282852', '672282852', 'petkeu', 'user-avatar.png', 'membre', '', '4a7d1ed414474e4033ac29ccb8653d9b', '0000', '2020-11-19 00:15:16'),
(55, 'Ndzodo', 'tresor venant', 'masculin', '651606057', 'yde ngousso', 'ce54353151t5d680srg1', 'membre', 'awono ndjodo christophe', 'ekek honorine', 'ombe nkede christelle', 'ras', '655895720', 'ras', 'ndzodo', 'user-avatar.png', 'membre', '', '4a7d1ed414474e4033ac29ccb8653d9b', '0000', '2020-11-19 00:23:24'),
(56, 'Ngono', 'doudeline solange', 'feminin', '670722306', 'yde ngousso', '100451608', 'Membre', 'embolo jean daudet', 'nyandjock alima jeannette', 'ras', 'ras', 'ras', 'ras', 'ngono', 'user-avatar.png', 'membre', '', '4a7d1ed414474e4033ac29ccb8653d9b', '0000', '2020-11-19 00:28:37'),
(57, 'Ngouanom Tokam ', 'charles', 'masculin', '677640933', 'yde mendong', '100668219', 'Membre', 'fite fogue pierre', 'djuissi esther', 'makamto spse ngouanom tokamsuzanne tel:699244984/673823087', 'Makamto epse Ngouanom Tokam suzanne', '673823087', '699244984', 'ngouanom', 'user-avatar.png', 'membre', '', '4a7d1ed414474e4033ac29ccb8653d9b', '0000', '2020-11-19 00:42:08'),
(58, 'Ongono', 'Alain bertrand', 'masculin', '676091248', 'yde', '117651554', 'Membre', 'Nomo martin', 'biloa ngaga', 'ngono marie madeleine ', 'ras', 'ras', 'ras', 'ongono', 'user-avatar.png', 'membre', '', '4a7d1ed414474e4033ac29ccb8653d9b', '0000', '2020-11-19 00:53:38'),
(59, 'Nana ndjike', 'clarisse', 'feminin', '652572394', 'yde nkolmesseng', 'ras', 'Membre', 'njatan celestin', 'ketchimen agathe', 'tahbo joseph tel:677722496', 'ras', '677722496', 'ras', 'nana', 'user-avatar.png', 'membre', '', '4a7d1ed414474e4033ac29ccb8653d9b', '0000', '2020-11-19 07:31:20'),
(60, 'Bella', 'philipe august', 'masculin', '676626799', 'yde manguier', '000413287', 'Membre', 'mvogo rigobert', 'otomo marie', 'occane darlaine tel:655347768', 'ras', '655347768', '655347768', 'bella', 'user-avatar.png', 'membre', '', '4a7d1ed414474e4033ac29ccb8653d9b', '0000', '2020-11-19 07:36:04'),
(61, 'mba', 'laurent', 'masculin', '675217506', 'yde ngousso', 'ce12106151lzqhrga5m6', 'Marié(e)', 'tambou samuel', 'signe catherie', 'pokam flore /signe', 'ras', '', '', 'mba laurent', 'user-avatar.png', 'membre', '', '4a7d1ed414474e4033ac29ccb8653d9b', '0000', '2020-11-19 07:43:12'),
(62, 'tchangou tchangou', 'gerard', 'masculin', '654273030', 'yde ngousso eleveur', '100118946', 'Marié(e)', 'tchangou emakam', 'poupa alice', 'mohedje soub aristide tel:676571120', 'ras', '', '', 'tchangou', 'user-avatar.png', 'membre', '', '4a7d1ed414474e4033ac29ccb8653d9b', '0000', '2020-11-19 07:52:16'),
(63, 'Tahbo', 'joseph', 'masculin', '677722496', 'yde manguier', '100249684', 'Membre Sage', 'fossoh mousse', 'jussi elisaberth', 'nossi chanceline tel:675928099', 'Nossi Chanceline', '675928099', '675928099', 'tahbo', 'user-avatar.png', 'membre', '', '4a7d1ed414474e4033ac29ccb8653d9b', '0000', '2020-11-19 07:56:20'),
(64, 'Beyomo aboya', 'augustin arno', 'masculin', '675892746', 'yde ngousso', '100275742', 'Membre', 'bossiome', 'amayega therese', 'mossom marie tel:699643377', 'Mossom marie', '699643377', '699643377', 'beyomo', 'user-avatar.png', 'membre', '', '4a7d1ed414474e4033ac29ccb8653d9b', '0000', '2020-11-19 08:01:06'),
(65, 'tchakounte', 'merlin carol', 'masculin', '696966524', 'yde nkolmesseng', 'ce23149151t2trr6tiq6', 'Marié(e)', 'nana joseph', 'kouatcho jeannette', 'touanga carol flore tel:673979798', 'ras', '', '', 'tchakounte', 'user-avatar.png', 'membre', '', '4a7d1ed414474e4033ac29ccb8653d9b', '0000', '2020-11-19 08:08:06'),
(66, 'Tadaha ', 'guscard destin', 'masculin', '677270815', 'yde emana', '110522322', 'Membre', 'takala moise', 'djumeta josephine', 'tadaha lomme tadia benedithe tel 670058823', 'ras', 'ras', 'ras', 'tadaha', 'user-avatar.png', 'membre', '', '4a7d1ed414474e4033ac29ccb8653d9b', '0000', '2020-11-19 08:13:14'),
(67, 'NDZANA NDZODO', 'eric denis', 'masculin', '674325531', 'yde ngousso', '116446344', 'membre', 'ndzana pomgropa', 'ngono ndzana marie', 'njoumessi diane tel:673677503', 'Njoumessi diane', '673677503', '673677503', 'ndzana', 'user-avatar.png', 'membre', '', '4a7d1ed414474e4033ac29ccb8653d9b', '0000', '2020-11-19 08:18:05'),
(68, 'Nga awono epse biloa ', 'christelle therese', 'feminin', '680068308', 'yde nkolmesseng', 'ce1228151woeyoqno3', 'SGA', 'Nga ngono jacques', 'Netala nga marie', 'Biloa marie andre tel:678589083/693848241', 'Biloa marie andre', '678589083', '678589083', 'nga awono', 'user-avatar.png', 'membre', '', '4a7d1ed414474e4033ac29ccb8653d9b', '0000', '2020-11-19 08:25:14'),
(69, 'Benyomo ', 'pierre', 'masculin', '674332322', 'yde ngousso', '00004506', 'Comissaire aux comptes', 'benyomo lebongo t', 'beyina delphine', 'Nga manga marie', 'ras', 'ra', 'ras', 'benyomo', 'user-avatar.png', 'membre', '', '4a7d1ed414474e4033ac29ccb8653d9b', '0000', '2020-11-19 10:48:00'),
(70, 'Ngueuleu ', 'Herve francois', 'masculin', '677009917', 'yde ngousso', '112855715', 'Membre', 'chamdiji jean', 'pouani sabine', 'ngueuleu obga chanceline', 'ras', 'ras', 'ras', 'ngueuleu', 'user-avatar.png', 'membre', '', '4a7d1ed414474e4033ac29ccb8653d9b', '0000', '2020-11-19 10:53:15'),
(71, 'Mba', 'palmel', 'masculin', '678329090', 'yde eleveur', 'ce1216', 'Membre Sage', 'dzotchia', 'tchida madeleine', 'makune armandine tel:65110855555', 'Makune Armandine', '651108555', '651108555', 'mba palmel', 'user-avatar.png', 'membre', '', '4a7d1ed414474e4033ac29ccb8653d9b', '0000', '2020-11-19 10:59:09'),
(72, 'BAYIHA', 'bernard marie', 'masculin', '676149880', 'soa', 'ras', 'membre', 'Bayiha mathias', 'mme bayiha', 'bayiha adeline tel:694333945', 'ras', '694333945', '694333945', 'bayiha', 'user-avatar.png', 'membre', '', '4a7d1ed414474e4033ac29ccb8653d9b', '0000', '2020-11-19 11:04:25'),
(73, 'MBOUDOU TANG', 'apaulinaire patrick', 'masculin', '696361671', 'yde manguier', '107838375', 'membre', 'Mboudou cosmas', 'Nga ngono elisaberth', 'KEBANG KOUAM CHRISTINE ', 'KEBANG KOUAM CHRISTINE', '650811050', '650 81 10 50', 'mboudou tang', 'user-avatar.png', 'membre', '', '4a7d1ed414474e4033ac29ccb8653d9b', '0000', '2020-11-19 11:10:39'),
(74, 'KAMANDA', 'jean serge', 'masculin', '694243275/673753074', 'yde ngousso ', '116865131', 'membre', 'mama dieudonne', 'elomo embolo emilienne', 'tanke tatsinkou albertine tel:675119616/657678192', 'TAMEN KAMANDA GABRIELLA', '675119616', '675119616', 'kamanda', 'user-avatar.png', 'membre', '', '4a7d1ed414474e4033ac29ccb8653d9b', '0000', '2020-11-19 11:15:59'),
(75, 'WABO', 'patrick martial', 'masculin', '675487951', 'yde mimbomane', '109808165', 'membre', 'kamga emmanuel', 'mamo marceline', 'matchuekam christelle tel 675129452', 'MATCHUEKAM CHRISTELLE', '671 62 73 11', '671 62 73 11', 'wabo ', 'user-avatar.png', 'membre', '', '4a7d1ed414474e4033ac29ccb8653d9b', '0000', '2020-11-19 11:20:00'),
(76, 'Cheto', 'christian', 'masculin', '675251116', 'yde carriere', 'ce06318', '', 'Tomba', 'tchana julienne', 'ras', 'ras', 'ras', 'ras', 'cheto', 'user-avatar.png', 'membre', '', '4a7d1ed414474e4033ac29ccb8653d9b', '0000', '2020-11-19 11:23:04'),
(77, 'Biloa ', 'marie andre', 'masculin', '678589083', 'yde nkolmesseng', '114757194', 'Membre', 'bias josue', 'benoa ndongo monique', 'Nga owono therese tel 680068308/65948089', 'Nga awono therese', '680401198', '680401198', 'biloa', 'user-avatar.png', 'membre', '', '4a7d1ed414474e4033ac29ccb8653d9b', '0000', '2020-11-19 12:52:58'),
(78, 'Ngadena abbe', 'David alain', 'masculin', '694628686', 'yde santa barbara', '116840897', 'membre', 'okala ping claude', 'ateba janvier', 'belomo ndzoua fridoline', 'belomo ndzoua fridoline', '670371647', '670371647', 'ngadena', 'user-avatar.png', 'membre', '', '4a7d1ed414474e4033ac29ccb8653d9b', '0000', '2020-11-19 12:58:05'),
(79, 'AMBONO', 'Camille', 'masculin', '695459060', 'Yaoundé Etoudi', 'ras', 'membre', 'Bias Josué ', 'Benoa Ndongo Monique', 'RAS', 'RAS', '68464738', '576787 888', 'ambono', 'user-avatar.png', 'membre', '', '4a7d1ed414474e4033ac29ccb8653d9b', '0000', '2020-11-19 13:03:12'),
(80, 'MEDOU', 'pierre', 'masculin', '697282378', 'nkometou', 'ras', 'membre', 'Onana francois', 'Ngah awona mariame', 'medou cecile tel:694543465', 'Medou cecile', '694543465', '694543465', 'medou', 'user-avatar.png', 'membre', '', '4a7d1ed414474e4033ac29ccb8653d9b', '0000', '2020-11-19 13:07:24'),
(81, 'eto,o', 'john marc', 'masculin', '699937617/675117572', 'yde manguier', '116395779', 'Marié(e)', 'bonie patrick', 'obono beatrice', 'nkengue catherine tel:674297121', 'nkengue catherine et eto,o 2 dieudonne tel:697115261', '', '', 'eto,o', 'user-avatar.png', 'membre', '', '4a7d1ed414474e4033ac29ccb8653d9b', '0000', '2020-11-19 14:39:49'),
(82, 'zali', 'andre', 'masculin', '677695369', 'yde eleveur', 'ras', 'Marié(e)', 'momo thomas', 'pouton catherine yvette', 'zali josette tel:677511469', 'ras', '', '', 'zali', 'user-avatar.png', 'membre', '', '4a7d1ed414474e4033ac29ccb8653d9b', '0000', '2020-11-19 19:54:29'),
(83, 'essomba', 'serge bernard', 'masculin', '653800548', 'yde emana', 'ras', 'Marié(e)', 'nga olive ', 'obono collette', 'mme essomba nee asse marie christine tel:674445216', 'ras', '', '', 'essomba', 'user-avatar.png', 'membre', '', '4a7d1ed414474e4033ac29ccb8653d9b', '0000', '2020-11-19 20:01:47'),
(84, 'Makune', 'armandine emilienne', 'feminin', '651108555', 'yde eleveur', 'ras', 'Membre', 'makougne', 'kengne collette', 'mba palmel tel:678329090', 'Mba palmel', '678329090', '678329090', 'makune', 'user-avatar.png', 'membre', '', '4a7d1ed414474e4033ac29ccb8653d9b', '0000', '2020-11-19 20:08:02'),
(85, 'ABE ABE', 'Pierre Celestin', 'masculin', '655202509', 'yde ', 'RAS', 'membre', 'Abe Effa Pierre', 'Nga Alphonsine', 'Biloa Marie tél 653287641', 'RAS', 'ras', 'ras', 'abe abe', 'user-avatar.png', 'membre', '', '4a7d1ed414474e4033ac29ccb8653d9b', '0000', '2020-11-19 20:14:51'),
(86, 'Feudjo', 'Jules Urbain', 'masculin', '696174155/673849733', 'yaoundé Nkolmesseng', 'RAS', 'Marié(e)', 'Fokoua Dominique', 'Tsague Christine', 'Conjoint: Feudjo Majolie Claudelle Tél.654396703', 'RAS', '', '', 'feudjo', 'user-avatar.png', 'membre', '', '4a7d1ed414474e4033ac29ccb8653d9b', '0000', '2020-11-20 09:42:07'),
(87, 'Mme Mbutumu epse bodo ', 'amelie eugenie', 'feminin', '675054298', 'yde ngousso', 'ras', 'membre', 'Eyada sylvestre symplice', 'nka omboudou roberthe', 'bodo paul luc', 'bodo paul luc', '675054298 ', '679456990 ', 'amelie', 'user-avatar.png', 'membre', '', '4a7d1ed414474e4033ac29ccb8653d9b', '0000', '2020-11-21 09:17:51'),
(88, 'AMOUGOU EKOBO', 'Salomé Clarisse', 'feminin', '667676765', 'Yaoundé ', '111906543', 'membre', 'AMOUGOU ALEXI', 'Eko Colette', 'Cheto Christian', 'CHETO CHRISTIAN ', '667676765', '667676765', 'amougou', 'user-avatar.png', 'membre', '', '4a7d1ed414474e4033ac29ccb8653d9b', '0000', '2020-11-21 13:48:10'),
(89, 'Mboudou Come', 'georges', 'masculin', '679119373', 'yde tsinga village', '117479794', 'Membre', 'Mboudou cosmas', 'Nga Ngono elisaberth', 'ras', 'ras', 'ras', 'ras', 'mboudu come', 'user-avatar.png', 'membre', '', 'd41d8cd98f00b204e9800998ecf8427e', '', '2020-11-21 13:58:32'),
(90, 'Ngoufo fokou', 'jean ernest', 'masculin', 'ras', 'ras', 'ras', 'Marié(e)', 'fokou bernard', 'mague olga', 'ras', 'ras', '', '', 'ngoufo', 'user-avatar.png', 'membre', '', '4a7d1ed414474e4033ac29ccb8653d9b', '0000', '2020-11-21 14:04:12'),
(91, 'Ngah ateba', 'severin vernier', 'masculin', '651183736', 'ras', 'ce060391', 'Célibataire', 'ateba emeran', 'nga nomo marie', 'ras', 'ras', '', '', 'ngah ateba', 'user-avatar.png', 'membre', '', '4a7d1ed414474e4033ac29ccb8653d9b', '0000', '2020-11-21 14:08:22'),
(93, 'Noumen ', 'Flavien', 'masculin', '693519616', 'ras', 'ras', 'Fiancé(e)', 'ras', 'ras', 'ras', 'ras', 'ras', 'ras', 'noumen', 'user-avatar.png', 'membre', 'Membre', '4a7d1ed414474e4033ac29ccb8653d9b', '0000', '2021-01-19 21:18:58'),
(94, 'Mengue ', 'Sophie', 'feminin', '699601152', 'Yaoundé Elig Edzoa ', 'ras', 'membre', 'Noah Raymond', 'Nga emmiliène josué', 'Ras', 'Fouda Alain', '699968982', '699601152', 'mengue', 'user-avatar.png', 'membre', '', '4a7d1ed414474e4033ac29ccb8653d9b', '0000', '2021-01-19 21:26:40'),
(95, 'Nogo Zogo', 'Beldrad', 'masculin', 'ras', 'ras', 'ras', 'Marié(e)', 'ras', 'ras', 'ras', 'ras', 'ras', 'ras', 'nogo zogo', 'user-avatar.png', 'membre', 'Membre', '4a7d1ed414474e4033ac29ccb8653d9b', '0000', '2021-01-19 21:32:58'),
(96, 'Molo Atangana', 'romain', 'masculin', 'ras', 'ras', 'ras', 'Fiancé(e)', 'ras', 'ras', 'ras', 'ras', 'ras', 'ras', 'molo ', 'user-avatar.png', 'membre', 'Membre', '4a7d1ed414474e4033ac29ccb8653d9b', '0000', '2021-01-19 21:38:57'),
(97, 'Foute soap ', 'Edith Nadege', 'feminin', '697076813', 'yaounde ngousso', 'ras', 'Fiancé(e)', 'ras', 'ras', 'ras', 'ras', 'ras', 'ras', 'soap', 'user-avatar.png', 'membre', 'Membre', '4a7d1ed414474e4033ac29ccb8653d9b', '0000', '2021-01-19 21:43:28'),
(98, 'TALIEDJE', 'Serge', 'masculin', '675 68 85 52', 'YDE NKOLFOULOU', '115916873', 'membre', 'ZALI  JEAN CLAUDE ', 'SIDJE JEANETTE ', 'MEKEGNE NADEGE', 'MEKEGNE NEDEGE', '675337972', '675 33 79 72', 'taliedje', 'user-avatar.png', 'membre', '', '4a7d1ed414474e4033ac29ccb8653d9b', '0000', '2021-01-19 21:46:22'),
(99, 'Hogbe wouanyou ', 'Roger', 'masculin', '677737630', 'Ydé minbomane ', 'CE 0310715', 'membre', 'Wouayou Samuel ', 'NGO ndzie Marie Thérèse ', 'Ebaga laurentine ', 'Ndengue hogbe Martin ', '675633527', '655723847', 'hogbe', 'user-avatar.png', 'membre', '', '4a7d1ed414474e4033ac29ccb8653d9b', '0000', '2021-01-19 21:49:28'),
(100, 'Eto\'o', 'John Marc', 'masculin', 'ras', 'ras', 'ras', 'Marié(e)', 'ras', 'ras', 'ras', 'ras', 'ras', 'ras', 'etoo', 'user-avatar.png', 'membre', 'Membre', '4a7d1ed414474e4033ac29ccb8653d9b', '0000', '2021-01-19 21:52:47'),
(101, 'Fotso ', 'Pierre Arno', 'masculin', 'ras', 'ras', 'ras', 'Marié(e)', 'ras', 'ras', 'ras', 'ras', 'ras', 'ras', 'fotso', 'user-avatar.png', 'membre', 'Membre', '4a7d1ed414474e4033ac29ccb8653d9b', '0000', '2021-01-19 21:57:43'),
(102, 'Kouetcheu ', 'Jean marie', 'masculin', 'ras', 'ras', 'ras', 'Fiancé(e)', 'ras', 'ras', 'ras', 'ras', 'ras', 'ras', 'kouetcheu', 'user-avatar.png', 'membre', 'Membre', '4a7d1ed414474e4033ac29ccb8653d9b', '0000', '2021-01-19 22:00:25'),
(103, 'Tsetsing', 'Philomene', 'feminin', 'ras', 'ras', 'ras', 'Célibataire', 'ras', 'ras', 'ras', 'ras', 'ras', 'ras', 'tsetsing', 'user-avatar.png', 'membre', 'Membre', '4a7d1ed414474e4033ac29ccb8653d9b', '0000', '2021-01-19 22:04:05'),
(104, 'Feunkeu ', 'Elvis', 'masculin', 'ras', 'ras', 'ras', 'Fiancé(e)', 'ras', 'ras', 'ras', 'ras', 'ras', 'ras', 'feunkeu', 'user-avatar.png', 'membre', 'Membre', '4a7d1ed414474e4033ac29ccb8653d9b', '0000', '2021-01-19 22:09:15'),
(105, 'Ngouanom tokam ', 'Charles', 'masculin', '677640933', 'ngouanomcharles@yahoo.fr', '107581658', 'Marié(e)', 'Futé pierre', 'Djuissi Esther', 'Makamto else ngouanom tokam Suzanne', 'Madame', '673823087', '673823087', 'Notable de la matuic', 'IMG_20210125_073753_594.jpg', 'membre', 'Membre', '202cb962ac59075b964b07152d234b70', '123', '2021-01-27 19:24:42'),
(106, 'Bella Ebanga', 'Théodore Thadée', 'masculin', '680254173/693638656', 'Yaoundé - Bilik', '100047384 du11/11/2016 à CE12', 'Membre', 'Ebié Agathe', 'Bella Gertrude', 'Abanda José', 'Bella Gertrude', '698558554', '696083790', 'bella', 'user-avatar.png', 'membre', '', '4a7d1ed414474e4033ac29ccb8653d9b', '0000', '2021-02-15 09:58:50'),
(107, 'Maxime', 'Paul', 'masculin', '697321568', 'Mbalmayo', '0214873654', 'Célibataire', 'Landry', 'Rose', 'Serena', 'CYRIL', '653849512', '675823419', 'admin', 'Image3.png', 'membre', 'Secrétaire général', '3b712de48137572f3849aabd5666a4e3', '1122', '2021-07-06 07:44:50'),
(108, 'AFANA', 'SOPHIE', 'feminin', 'A', 'A', 'A', 'Célibataire', 'RAS', 'RAS', 'A', 'A', 'RAS', 'A', 'afana', 'user-avatar.png', 'membre', 'Membre', '4a7d1ed414474e4033ac29ccb8653d9b', '0000', '2022-08-03 20:36:50'),
(109, 'MOLO', 'RITHE', 'feminin', '694123081', 'YAOUNDE', 'RAS', 'Célibataire', 'BODO ATANGANA LUC', 'NKA OMBOUDOU ROBERTE', 'RAS', 'BODO PAUL', 'RAS', '699357864', 'molo', 'user-avatar.png', 'membre', 'Membre', '4a7d1ed414474e4033ac29ccb8653d9b', '0000', '2022-08-03 20:40:24'),
(110, 'MOLO ATANGANA', 'ROMAIN', 'masculin', 'RAS', 'RAS', 'RAS', 'Fiancé(e)', 'RAS', 'RAS', 'RAS', 'RAS', 'RAS', 'RAS', 'molo atangana', 'user-avatar.png', 'membre', 'Membre', '4a7d1ed414474e4033ac29ccb8653d9b', '0000', '2022-08-03 20:42:22'),
(112, 'BILIKI MBOTTO', 'FRANCOISE', 'feminin', '677914632', 'CG/FAO/PAM BP 1639 YDE', '101589366', 'Célibataire', 'ESSONO NGOA LUC', 'MBEDE MARGUERITE EPOUSE THOMAS', 'RAS', 'MBOTTO RICHARD MBOTTO MARGUERITE DANG MBOTTO FRANCK', 'RAS', 'RAS', 'biliki mbotto', 'user-avatar.png', 'membre', 'Membre', '4a7d1ed414474e4033ac29ccb8653d9b', '0000', '2022-08-09 06:02:40'),
(113, 'ETHOO', 'JOHN MARC', 'masculin', '679721957', 'YDE MANGUIER', '116395779', 'Marié(e)', 'BONI PATRICE', 'OBONO BEATRICE', 'ETHOO CATHERINE', 'ETHOO CATHERINE ETHOO DIEUDONNE', '674297121 697115261', '674297121 697115261', 'ethoo', 'user-avatar.png', 'membre', 'Membre', '4a7d1ed414474e4033ac29ccb8653d9b', '0000', '2022-08-09 06:09:47'),
(114, 'ISSAKA ', 'THOMAS OSCAR ', 'masculin', '670369535', 'NKOZOA YDE', '04 MARS 1978 BANGUI', 'Marié(e)', 'KOULOU DANIEL ', 'RAYONE CLEMENCE ', 'KAMMOE NOUNBISSI CLEMENCE', 'MME ISSAKA CLEMENCE', '677019321', '698081166', 'issaka', 'user-avatar.png', 'membre', 'Membre', '4a7d1ed414474e4033ac29ccb8653d9b', '0000', '2022-08-09 19:39:30'),
(115, 'KEBANG KOUAM', 'CHRISTINE SOLANGE', 'feminin', '650 81 10 50', 'YDE MANGUIER', 'CE 5413215', 'Célibataire', 'DJOKO SAMUEL ', 'DJUDJE THERESE', 'MBOUDOU TANG APAULINAIRE', 'MBOUDOU TANG ', '677428794', '677428794', 'kebang kouam', 'user-avatar.png', 'membre', 'Membre', '4a7d1ed414474e4033ac29ccb8653d9b', '0000', '2022-08-09 20:06:25'),
(116, 'KOMOA KAMGUEM', 'PERCHILINE', 'feminin', '699846061', 'YDE FOUGEROLE', '101728044', 'Marié(e)', 'KAMDEM MICHEL ', 'KOMBWOA LYOCADINE', 'KAMDEM FOTSO JOSEPH', 'KAMDEM KENGNE ERIC', 'RAS ', 'RAS', 'komoua', 'user-avatar.png', 'membre', 'Membre', '4a7d1ed414474e4033ac29ccb8653d9b', '0000', '2022-08-09 20:13:04'),
(117, 'NKOA', 'GETRUDE ESTER', 'feminin', '680 65 501', 'YDE FOUGEROLE', 'RAS', 'Fiancé(e)', 'BILOA ALAIN CHRISTOPHE', 'BELA BRIGITTE SOLANGE ', 'MBESSA METONO CESAR', 'MBESSA METOMO CESAR', '677926595', '677 92 65 95', 'nkoa ', 'user-avatar.png', 'membre', 'Membre', '4a7d1ed414474e4033ac29ccb8653d9b', '0000', '2022-08-09 20:42:17'),
(118, 'ONGBABOULE BATIFILECK', 'OLIVIA EDITH', 'feminin', '697 90 36 77', 'YDE TITI GARAGE', 'RAS', 'Fiancé(e)', 'BATIFILECK JOSEPH', 'BATOBOCK ADELE', 'MANGA THIERRY', 'BATOBOCK ADELE', 'RAS', '699531215', 'ongbaboule', 'user-avatar.png', 'membre', 'Membre', '4a7d1ed414474e4033ac29ccb8653d9b', '0000', '2022-08-09 21:00:38'),
(119, 'SOUOP', 'ALBERT', 'masculin', '670100318', 'YDE MIMBOMANE', '116143218', 'Marié(e)', 'TAMO TAKEMTHER ', 'METHU SUZANE', 'MEMIAN TAGNE DOLORESS', 'MEMIAN TAGNE DELORE', '575408944', '675408944', 'souop albert', 'user-avatar.png', 'membre', 'Membre', '4a7d1ed414474e4033ac29ccb8653d9b', '0000', '2022-08-09 21:06:39'),
(120, 'TAMBO CHEDJOU', 'GERARD', 'masculin', '699878216', 'YAOUNDE', '20190082616510220', 'Célibataire', 'CHEDJOU JOSEPH', 'NKOUGOUM LYDIE', 'MBAZOA BLANDINE', 'MAFFO TAMBO BIOLANE JESSICA', '652294916', 'RAS', 'tambo', 'user-avatar.png', 'membre', 'Membre', '4a7d1ed414474e4033ac29ccb8653d9b', '0000', '2022-08-09 21:20:32'),
(121, 'ZOBO', 'RAYMOND', 'masculin', '691149168', 'YDE OLEMBE', '115694029', 'Marié(e)', 'ONANA POM HYACINTE', 'NGONO MARIE CHANTAL', 'NGAH POM MARGUERITTE ', 'NDZANA NDZODO ERIC ', '673 677503', 'RAS', 'zobo raymond', 'user-avatar.png', 'membre', 'Membre', '4a7d1ed414474e4033ac29ccb8653d9b', '0000', '2022-08-09 21:40:03'),
(122, 'AMBANGA NGA EPSE AWONO', 'MARIE', 'feminin', '694581593', 'OBALA', 'RAS', 'Célibataire', 'NOAH RAYMOND ', 'BILIGA ROSETTE ', 'RAS ', 'OBONO CHRISTOPH', 'RAS', '691949499', 'ambanga nga', 'user-avatar.png', 'membre', 'Membre', '4a7d1ed414474e4033ac29ccb8653d9b', '0000', '2022-08-09 21:56:52'),
(123, 'ABOUDI', 'JOSEPH JINIOR', 'masculin', '659301365', 'YDE EMANA', 'RAS', 'Fiancé(e)', 'ONANA NGOSSO AUGUSTIN', 'NOMO MARCELINE EPOUSE ABOUDI', 'MENGUE DIANE', 'BODO PAUL', 'RAS', '699357864', 'aboudi', 'user-avatar.png', 'membre', 'Membre', '4a7d1ed414474e4033ac29ccb8653d9b', '0000', '2022-08-09 22:34:43'),
(124, 'ASSE EPSE ESSOMBA', 'MARIE CHRISTINE', 'feminin', '658015556', 'YAOUNDE', 'RAS', 'Marié(e)', 'RAS ', 'RAS', 'ESSOMBA SERGE', 'ESSOMBA SERGE', '658015556', '658015556', 'asse essomba', 'user-avatar.png', 'membre', 'Membre', '4a7d1ed414474e4033ac29ccb8653d9b', '0000', '2022-08-09 22:39:05'),
(125, 'AWONA', 'JEAN BAPTISTE', 'masculin', 'RAS', 'RAS', 'RAS', 'Célibataire', 'RAS', 'RAS', 'RAS', 'RAS', 'RAS', 'RAS', 'awono jean ', 'user-avatar.png', 'membre', 'Membre', '4a7d1ed414474e4033ac29ccb8653d9b', '0000', '2022-08-09 22:57:02'),
(126, 'AYISSI BEYECK', 'IVAN LOIC', 'masculin', 'RAS', 'RAS', 'RAS', 'Célibataire', 'AYISSI AYISSI MATURIN', 'RAS', 'RAS', 'RAS', 'RAS', 'RAS', 'ayissi beyeck', 'user-avatar.png', 'membre', 'Membre', '4a7d1ed414474e4033ac29ccb8653d9b', '0000', '2022-08-09 23:02:05'),
(127, 'BEDI FOUDA', 'EMILE', 'masculin', 'RAS', 'RAS', 'RAS', 'Fiancé(e)', 'RAS', 'RAS', 'RAS', 'RAS', 'RAS', 'RAS', 'bedi fouda', 'user-avatar.png', 'membre', 'Membre', '4a7d1ed414474e4033ac29ccb8653d9b', '0000', '2022-08-09 23:05:37'),
(128, 'KAMDEM', 'JEAN MARTIN', 'masculin', 'RAS', 'RAS', 'RAS', 'Marié(e)', 'RAS', 'RAS', 'RAS', 'RAS', 'RAS', 'RAS', 'kamdem jean', 'user-avatar.png', 'membre', 'Membre', '4a7d1ed414474e4033ac29ccb8653d9b', '0000', '2022-08-09 23:10:07'),
(129, 'KUATE', 'RAPHAEL', 'masculin', 'RAS', 'RAS', 'RAS', 'Célibataire', 'RAS', 'RAS', 'RAS', 'RAS', 'RAS', 'RAS', 'kuate ', 'user-avatar.png', 'membre', 'Membre', '4a7d1ed414474e4033ac29ccb8653d9b', '0000', '2022-08-09 23:13:06'),
(130, 'NDI epse nogo', 'HENRIETTE', 'feminin', 'RAS', 'RAS', 'RAS', 'Marié(e)', 'ras', 'ras', 'NOGO MARCELIN', 'NOGO MARCELIN', '679746263', '679746263', 'ndi', 'user-avatar.png', 'membre', 'Membre', '4a7d1ed414474e4033ac29ccb8653d9b', '0000', '2022-08-10 19:44:28'),
(131, 'NDZIE ELOUNDOU', 'GUY PAULIN', 'masculin', 'RAS', 'RAS', 'RAS', 'Marié(e)', 'RAS', 'RAS', 'RAS', 'RAS', 'RAS', 'RAS', 'ndzie eloundou', 'user-avatar.png', 'membre', 'Membre', '4a7d1ed414474e4033ac29ccb8653d9b', '0000', '2022-08-10 19:47:36'),
(132, 'NYANGA BESSALA', 'LOUIE MARCEL', 'masculin', 'RAS', 'RAS', 'RAS', 'Fiancé(e)', 'RAS', 'RAS', 'RAS', 'RAS', 'RAS', 'RAS', 'nyanga bessala', 'user-avatar.png', 'membre', 'Membre', '4a7d1ed414474e4033ac29ccb8653d9b', '0000', '2022-08-10 22:55:01'),
(133, 'BILOA NGONO', 'AGNES', 'feminin', '678 12 86 83', 'YDE NKOLMESSENG', 'RAS', 'membre', 'NGONO NGA FAUSTIN', 'ANDELA CECILE', 'NGONO EBODE BERNARD', 'NGONO EBODE BERNARD', '679 91 98 49', '679 91 98 49', 'biloa ngono', 'user-avatar.png', 'membre', '', '4a7d1ed414474e4033ac29ccb8653d9b', '0000', '2022-08-11 08:18:16'),
(134, 'MBIDA', 'DANIEL', 'masculin', 'RAS', 'RAS', 'RAS', 'Fiancé(e)', 'RAS', 'RAS', 'RAS', 'RAS', 'RAS', 'RAS', 'mbida', 'user-avatar.png', 'membre', 'Membre', '4a7d1ed414474e4033ac29ccb8653d9b', '0000', '2022-08-11 09:08:23'),
(135, 'ESSOMBA ', 'SERGE BERTRAND', 'masculin', '653 80 05 48', 'YDE EMANA', 'RAS', 'Marié(e)', 'NGA OLIVE', 'OBONO COLLETTE', 'ASSE EPOUSE ESSOMBA MARIE CHRISTINE', 'ASSE MARIE ', '674 44 52 16 ', '74 44 52 16', 'essomba ', 'user-avatar.png', 'membre', 'Membre', '4a7d1ed414474e4033ac29ccb8653d9b', '0000', '2022-08-18 23:25:07'),
(136, 'IROKO TSONKO', 'ROSINE', 'feminin', '678 84 5113', 'YDE EMANA', 'RAS', 'Fiancé(e)', 'EYEYA NEME LUC', 'NGONO NEME PAULINE ', 'MENYE ETONO SOSTHENE', 'MENYE ETONO SOSTHENE', '675 98 80 41', '675 98 80 41', 'iroko tsonko', 'user-avatar.png', 'membre', 'Membre', '4a7d1ed414474e4033ac29ccb8653d9b', '0000', '2022-08-18 23:31:26'),
(137, 'WANDJI', 'MARTIAL', 'masculin', '699322783', 'YAOUNDE NKOABANG', 'RAS', 'Fiancé(e)', 'NJAMEN BERLIN', 'NKODJA DELPHINE', 'EYENGA ESSINDI ELISABERTH BLANCHE ', 'EYENGA ESSINDI', '691193500', '691193500', 'wandji martial', 'user-avatar.png', 'membre', 'Membre', '4a7d1ed414474e4033ac29ccb8653d9b', '0000', '2022-08-19 01:05:59');

-- --------------------------------------------------------

--
-- Table structure for table `records`
--

CREATE TABLE `records` (
  `rec_id` int(11) NOT NULL,
  `user_id` int(11) NOT NULL,
  `user_label` int(11) DEFAULT NULL,
  `tontine_id` int(11) NOT NULL,
  `session_id` int(11) NOT NULL,
  `seance_id` int(11) NOT NULL,
  `amount` int(11) NOT NULL DEFAULT '0',
  `debt` int(11) DEFAULT '0',
  `sanction` int(11) DEFAULT '0',
  `comment` varchar(255) DEFAULT NULL,
  `state` varchar(200) NOT NULL DEFAULT 'none',
  `date` datetime NOT NULL DEFAULT CURRENT_TIMESTAMP
) ENGINE=MyISAM DEFAULT CHARSET=utf8mb4;

--
-- Dumping data for table `records`
--

INSERT INTO `records` (`rec_id`, `user_id`, `user_label`, `tontine_id`, `session_id`, `seance_id`, `amount`, `debt`, `sanction`, `comment`, `state`, `date`) VALUES
(1, 1, NULL, 1, 1, 1, 2000, 0, 0, '', 'ok', '2022-07-18 01:16:43'),
(2, 5, NULL, 1, 1, 1, 2000, 0, 0, '1', 'ok', '2022-07-18 01:16:43'),
(3, 8, NULL, 1, 1, 1, 0, 2000, 500, NULL, 'none', '2022-07-18 01:16:43'),
(4, 10, NULL, 1, 1, 1, 0, 2000, 500, NULL, 'none', '2022-07-18 01:16:43'),
(5, 11, NULL, 1, 1, 1, 0, 2000, 500, NULL, 'none', '2022-07-18 01:16:43'),
(6, 25, NULL, 1, 1, 1, 0, 2000, 500, NULL, 'none', '2022-07-18 01:16:43'),
(7, 24, NULL, 1, 1, 1, 2000, 0, 0, '1', 'ok', '2022-07-18 01:16:43'),
(8, 31, NULL, 1, 1, 1, 0, 2000, 500, NULL, 'none', '2022-07-18 01:16:43'),
(9, 26, NULL, 1, 1, 1, 0, 2000, 500, NULL, 'none', '2022-07-18 01:16:43'),
(10, 27, NULL, 1, 1, 1, 2000, 0, 0, '', 'ok', '2022-07-18 01:16:43'),
(11, 28, NULL, 1, 1, 1, 2000, 0, 0, '', 'ok', '2022-07-18 01:16:43'),
(12, 29, NULL, 1, 1, 1, 2000, 0, 0, '', 'ok', '2022-07-18 01:16:43'),
(13, 30, NULL, 1, 1, 1, 2000, 0, 0, '', 'ok', '2022-07-18 01:16:43'),
(14, 23, NULL, 1, 1, 1, 2000, 0, 0, '', 'ok', '2022-07-18 01:16:43'),
(15, 32, NULL, 1, 1, 1, 0, 2000, 500, NULL, 'none', '2022-07-18 01:16:43'),
(16, 33, NULL, 1, 1, 1, 0, 2000, 500, NULL, 'none', '2022-07-18 01:16:43'),
(17, 34, NULL, 1, 1, 1, 2000, 0, 0, '', 'ok', '2022-07-18 01:16:43'),
(18, 35, NULL, 1, 1, 1, 2000, 0, 0, '', 'ok', '2022-07-18 01:16:43'),
(19, 36, NULL, 1, 1, 1, 0, 2000, 500, NULL, 'none', '2022-07-18 01:16:43'),
(20, 37, NULL, 1, 1, 1, 0, 2000, 500, NULL, 'none', '2022-07-18 01:16:43'),
(21, 38, NULL, 1, 1, 1, 0, 2000, 500, NULL, 'none', '2022-07-18 01:16:43'),
(22, 39, NULL, 1, 1, 1, 0, 2000, 500, NULL, 'none', '2022-07-18 01:16:43'),
(23, 40, NULL, 1, 1, 1, 0, 2000, 500, NULL, 'none', '2022-07-18 01:16:43'),
(24, 41, NULL, 1, 1, 1, 2000, 0, 0, '1', 'ok', '2022-07-18 01:16:43'),
(25, 42, NULL, 1, 1, 1, 0, 2000, 500, NULL, 'none', '2022-07-18 01:16:43'),
(26, 43, NULL, 1, 1, 1, 0, 2000, 500, NULL, 'none', '2022-07-18 01:16:43'),
(27, 44, NULL, 1, 1, 1, 0, 2000, 500, NULL, 'none', '2022-07-18 01:16:43'),
(28, 45, NULL, 1, 1, 1, 0, 2000, 500, NULL, 'none', '2022-07-18 01:16:43'),
(29, 46, NULL, 1, 1, 1, 0, 2000, 500, NULL, 'none', '2022-07-18 01:16:43'),
(30, 47, NULL, 1, 1, 1, 0, 2000, 500, NULL, 'none', '2022-07-18 01:16:43'),
(31, 48, NULL, 1, 1, 1, 0, 2000, 500, NULL, 'none', '2022-07-18 01:16:43'),
(32, 49, NULL, 1, 1, 1, 2000, 0, 0, '', 'ok', '2022-07-18 01:16:43'),
(33, 50, NULL, 1, 1, 1, 0, 2000, 500, NULL, 'none', '2022-07-18 01:16:43'),
(34, 51, NULL, 1, 1, 1, 0, 2000, 500, NULL, 'none', '2022-07-18 01:16:43'),
(35, 52, NULL, 1, 1, 1, 0, 2000, 500, NULL, 'none', '2022-07-18 01:16:43'),
(36, 53, NULL, 1, 1, 1, 0, 2000, 500, NULL, 'none', '2022-07-18 01:16:43'),
(37, 54, NULL, 1, 1, 1, 0, 2000, 500, NULL, 'none', '2022-07-18 01:16:43'),
(38, 55, NULL, 1, 1, 1, 0, 2000, 500, NULL, 'none', '2022-07-18 01:16:43'),
(39, 56, NULL, 1, 1, 1, 0, 2000, 500, NULL, 'none', '2022-07-18 01:16:43'),
(40, 57, NULL, 1, 1, 1, 0, 2000, 500, NULL, 'none', '2022-07-18 01:16:43'),
(41, 58, NULL, 1, 1, 1, 0, 2000, 500, NULL, 'none', '2022-07-18 01:16:43'),
(42, 59, NULL, 1, 1, 1, 0, 2000, 500, NULL, 'none', '2022-07-18 01:16:43'),
(43, 60, NULL, 1, 1, 1, 0, 2000, 500, NULL, 'none', '2022-07-18 01:16:43'),
(44, 61, NULL, 1, 1, 1, 2000, 0, 0, '', 'ok', '2022-07-18 01:16:43'),
(45, 62, NULL, 1, 1, 1, 0, 2000, 500, NULL, 'none', '2022-07-18 01:16:43'),
(46, 63, NULL, 1, 1, 1, 0, 2000, 500, NULL, 'none', '2022-07-18 01:16:43'),
(47, 64, NULL, 1, 1, 1, 2000, 0, 0, '', 'ok', '2022-07-18 01:16:43'),
(48, 65, NULL, 1, 1, 1, 0, 2000, 500, NULL, 'none', '2022-07-18 01:16:43'),
(49, 66, NULL, 1, 1, 1, 0, 2000, 500, NULL, 'none', '2022-07-18 01:16:43'),
(50, 67, NULL, 1, 1, 1, 0, 2000, 500, NULL, 'none', '2022-07-18 01:16:43'),
(51, 68, NULL, 1, 1, 1, 0, 2000, 500, NULL, 'none', '2022-07-18 01:16:43'),
(52, 69, NULL, 1, 1, 1, 2000, 0, 0, '', 'ok', '2022-07-18 01:16:43'),
(53, 70, NULL, 1, 1, 1, 0, 2000, 500, NULL, 'none', '2022-07-18 01:16:43'),
(54, 71, NULL, 1, 1, 1, 2000, 0, 0, '', 'ok', '2022-07-18 01:16:43'),
(55, 72, NULL, 1, 1, 1, 2000, 0, 0, '', 'ok', '2022-07-18 01:16:43'),
(56, 73, NULL, 1, 1, 1, 2000, 0, 0, '', 'ok', '2022-07-18 01:16:43'),
(57, 74, NULL, 1, 1, 1, 0, 2000, 500, NULL, 'none', '2022-07-18 01:16:43'),
(58, 75, NULL, 1, 1, 1, 0, 2000, 500, NULL, 'none', '2022-07-18 01:16:43'),
(59, 76, NULL, 1, 1, 1, 2000, 0, 0, '', 'ok', '2022-07-18 01:16:43'),
(60, 77, NULL, 1, 1, 1, 0, 2000, 500, NULL, 'none', '2022-07-18 01:16:43'),
(61, 78, NULL, 1, 1, 1, 0, 2000, 500, NULL, 'none', '2022-07-18 01:16:43'),
(62, 79, NULL, 1, 1, 1, 2000, 0, 0, '1', 'ok', '2022-07-18 01:16:43'),
(63, 80, NULL, 1, 1, 1, 2000, 0, 0, '', 'ok', '2022-07-18 01:16:43'),
(64, 81, NULL, 1, 1, 1, 2000, 0, 0, '', 'ok', '2022-07-18 01:16:43'),
(65, 82, NULL, 1, 1, 1, 0, 2000, 500, NULL, 'none', '2022-07-18 01:16:43'),
(66, 83, NULL, 1, 1, 1, 2000, 0, 0, '', 'ok', '2022-07-18 01:16:43'),
(67, 84, NULL, 1, 1, 1, 2000, 0, 0, '', 'ok', '2022-07-18 01:16:43'),
(68, 85, NULL, 1, 1, 1, 2000, 0, 0, '1', 'ok', '2022-07-18 01:16:43'),
(69, 86, NULL, 1, 1, 1, 2000, 0, 0, '', 'ok', '2022-07-18 01:16:43'),
(70, 87, NULL, 1, 1, 1, 0, 2000, 500, NULL, 'none', '2022-07-18 01:16:43'),
(71, 88, NULL, 1, 1, 1, 2000, 0, 0, '1', 'ok', '2022-07-18 01:16:43'),
(72, 89, NULL, 1, 1, 1, 2000, 0, 0, '', 'ok', '2022-07-18 01:16:43'),
(73, 90, NULL, 1, 1, 1, 0, 2000, 500, NULL, 'none', '2022-07-18 01:16:43'),
(74, 91, NULL, 1, 1, 1, 0, 2000, 500, NULL, 'none', '2022-07-18 01:16:43'),
(75, 93, NULL, 1, 1, 1, 0, 2000, 500, NULL, 'none', '2022-07-18 01:16:43'),
(76, 94, NULL, 1, 1, 1, 0, 2000, 500, NULL, 'none', '2022-07-18 01:16:43'),
(77, 95, NULL, 1, 1, 1, 0, 2000, 500, NULL, 'none', '2022-07-18 01:16:43'),
(78, 96, NULL, 1, 1, 1, 0, 2000, 500, NULL, 'none', '2022-07-18 01:16:43'),
(79, 97, NULL, 1, 1, 1, 2000, 0, 0, '', 'ok', '2022-07-18 01:16:43'),
(80, 98, NULL, 1, 1, 1, 0, 2000, 500, NULL, 'none', '2022-07-18 01:16:43'),
(81, 99, NULL, 1, 1, 1, 2000, 0, 0, '', 'ok', '2022-07-18 01:16:43'),
(82, 100, NULL, 1, 1, 1, 0, 2000, 500, NULL, 'none', '2022-07-18 01:16:43'),
(83, 101, NULL, 1, 1, 1, 2000, 0, 0, '', 'ok', '2022-07-18 01:16:43'),
(84, 102, NULL, 1, 1, 1, 2000, 0, 0, '', 'ok', '2022-07-18 01:16:43'),
(85, 103, NULL, 1, 1, 1, 0, 2000, 500, NULL, 'none', '2022-07-18 01:16:43'),
(86, 104, NULL, 1, 1, 1, 0, 2000, 500, NULL, 'none', '2022-07-18 01:16:43'),
(87, 105, NULL, 1, 1, 1, 0, 2000, 500, NULL, 'none', '2022-07-18 01:16:43'),
(88, 106, NULL, 1, 1, 1, 2000, 0, 0, '', 'ok', '2022-07-18 01:16:43'),
(89, 107, NULL, 1, 1, 1, 0, 2000, 500, NULL, 'none', '2022-07-18 01:16:43'),
(92, 1, NULL, 1, 1, 2, 0, 2000, 500, NULL, 'none', '2022-07-18 01:24:31'),
(91, 85, 2, 1, 1, 1, 2000, 0, 0, '2', 'ok', '2022-07-18 01:16:43'),
(93, 5, NULL, 1, 1, 2, 0, 2000, 500, NULL, 'none', '2022-07-18 01:24:31'),
(94, 8, NULL, 1, 1, 2, 0, 2000, 500, NULL, 'none', '2022-07-18 01:24:31'),
(95, 10, NULL, 1, 1, 2, 0, 2000, 500, NULL, 'none', '2022-07-18 01:24:31'),
(96, 11, NULL, 1, 1, 2, 0, 2000, 500, NULL, 'none', '2022-07-18 01:24:31'),
(97, 25, NULL, 1, 1, 2, 0, 2000, 500, NULL, 'none', '2022-07-18 01:24:31'),
(98, 24, NULL, 1, 1, 2, 0, 2000, 500, NULL, 'none', '2022-07-18 01:24:31'),
(99, 31, NULL, 1, 1, 2, 0, 2000, 500, NULL, 'none', '2022-07-18 01:24:31'),
(100, 26, NULL, 1, 1, 2, 0, 2000, 500, NULL, 'none', '2022-07-18 01:24:31'),
(101, 27, NULL, 1, 1, 2, 0, 2000, 500, NULL, 'none', '2022-07-18 01:24:31'),
(102, 28, NULL, 1, 1, 2, 0, 2000, 500, NULL, 'none', '2022-07-18 01:24:31'),
(103, 29, NULL, 1, 1, 2, 0, 2000, 500, NULL, 'none', '2022-07-18 01:24:31'),
(104, 30, NULL, 1, 1, 2, 0, 2000, 500, NULL, 'none', '2022-07-18 01:24:31'),
(105, 23, NULL, 1, 1, 2, 0, 2000, 500, NULL, 'none', '2022-07-18 01:24:31'),
(106, 32, NULL, 1, 1, 2, 0, 2000, 500, NULL, 'none', '2022-07-18 01:24:31'),
(107, 33, NULL, 1, 1, 2, 0, 2000, 500, NULL, 'none', '2022-07-18 01:24:31'),
(108, 34, NULL, 1, 1, 2, 0, 2000, 500, NULL, 'none', '2022-07-18 01:24:31'),
(109, 35, NULL, 1, 1, 2, 0, 2000, 500, NULL, 'none', '2022-07-18 01:24:31'),
(110, 36, NULL, 1, 1, 2, 0, 2000, 500, NULL, 'none', '2022-07-18 01:24:31'),
(111, 37, NULL, 1, 1, 2, 0, 2000, 500, NULL, 'none', '2022-07-18 01:24:31'),
(112, 38, NULL, 1, 1, 2, 0, 2000, 500, NULL, 'none', '2022-07-18 01:24:31'),
(113, 39, NULL, 1, 1, 2, 0, 2000, 500, NULL, 'none', '2022-07-18 01:24:31'),
(114, 40, NULL, 1, 1, 2, 0, 2000, 500, NULL, 'none', '2022-07-18 01:24:31'),
(115, 41, NULL, 1, 1, 2, 0, 2000, 500, NULL, 'none', '2022-07-18 01:24:31'),
(116, 42, NULL, 1, 1, 2, 0, 2000, 500, NULL, 'none', '2022-07-18 01:24:31'),
(117, 43, NULL, 1, 1, 2, 0, 2000, 500, NULL, 'none', '2022-07-18 01:24:31'),
(118, 44, NULL, 1, 1, 2, 0, 2000, 500, NULL, 'none', '2022-07-18 01:24:31'),
(119, 45, NULL, 1, 1, 2, 0, 2000, 500, NULL, 'none', '2022-07-18 01:24:31'),
(120, 46, NULL, 1, 1, 2, 0, 2000, 500, NULL, 'none', '2022-07-18 01:24:31'),
(121, 47, NULL, 1, 1, 2, 0, 2000, 500, NULL, 'none', '2022-07-18 01:24:31'),
(122, 48, NULL, 1, 1, 2, 0, 2000, 500, NULL, 'none', '2022-07-18 01:24:31'),
(123, 49, NULL, 1, 1, 2, 0, 2000, 500, NULL, 'none', '2022-07-18 01:24:31'),
(124, 50, NULL, 1, 1, 2, 0, 2000, 500, NULL, 'none', '2022-07-18 01:24:31'),
(125, 51, NULL, 1, 1, 2, 0, 2000, 500, NULL, 'none', '2022-07-18 01:24:31'),
(126, 52, NULL, 1, 1, 2, 0, 2000, 500, NULL, 'none', '2022-07-18 01:24:31'),
(127, 53, NULL, 1, 1, 2, 0, 2000, 500, NULL, 'none', '2022-07-18 01:24:31'),
(128, 54, NULL, 1, 1, 2, 0, 2000, 500, NULL, 'none', '2022-07-18 01:24:31'),
(129, 55, NULL, 1, 1, 2, 0, 2000, 500, NULL, 'none', '2022-07-18 01:24:31'),
(130, 56, NULL, 1, 1, 2, 0, 2000, 500, NULL, 'none', '2022-07-18 01:24:31'),
(131, 57, NULL, 1, 1, 2, 0, 2000, 500, NULL, 'none', '2022-07-18 01:24:31'),
(132, 58, NULL, 1, 1, 2, 0, 2000, 500, NULL, 'none', '2022-07-18 01:24:31'),
(133, 59, NULL, 1, 1, 2, 0, 2000, 500, NULL, 'none', '2022-07-18 01:24:31'),
(134, 60, NULL, 1, 1, 2, 0, 2000, 500, NULL, 'none', '2022-07-18 01:24:31'),
(135, 61, NULL, 1, 1, 2, 0, 2000, 500, NULL, 'none', '2022-07-18 01:24:31'),
(136, 62, NULL, 1, 1, 2, 0, 2000, 500, NULL, 'none', '2022-07-18 01:24:31'),
(137, 63, NULL, 1, 1, 2, 0, 2000, 500, NULL, 'none', '2022-07-18 01:24:31'),
(138, 64, NULL, 1, 1, 2, 0, 2000, 500, NULL, 'none', '2022-07-18 01:24:31'),
(139, 65, NULL, 1, 1, 2, 0, 2000, 500, NULL, 'none', '2022-07-18 01:24:31'),
(140, 66, NULL, 1, 1, 2, 0, 2000, 500, NULL, 'none', '2022-07-18 01:24:31'),
(141, 67, NULL, 1, 1, 2, 0, 2000, 500, NULL, 'none', '2022-07-18 01:24:31'),
(142, 68, NULL, 1, 1, 2, 0, 2000, 500, NULL, 'none', '2022-07-18 01:24:31'),
(143, 69, NULL, 1, 1, 2, 0, 2000, 500, NULL, 'none', '2022-07-18 01:24:31'),
(144, 70, NULL, 1, 1, 2, 0, 2000, 500, NULL, 'none', '2022-07-18 01:24:31'),
(145, 71, NULL, 1, 1, 2, 0, 2000, 500, NULL, 'none', '2022-07-18 01:24:31'),
(146, 72, NULL, 1, 1, 2, 0, 2000, 500, NULL, 'none', '2022-07-18 01:24:31'),
(147, 73, NULL, 1, 1, 2, 0, 2000, 500, NULL, 'none', '2022-07-18 01:24:31'),
(148, 74, NULL, 1, 1, 2, 0, 2000, 500, NULL, 'none', '2022-07-18 01:24:31'),
(149, 75, NULL, 1, 1, 2, 0, 2000, 500, NULL, 'none', '2022-07-18 01:24:31'),
(150, 76, NULL, 1, 1, 2, 0, 2000, 500, NULL, 'none', '2022-07-18 01:24:31'),
(151, 77, NULL, 1, 1, 2, 0, 2000, 500, NULL, 'none', '2022-07-18 01:24:31'),
(152, 78, NULL, 1, 1, 2, 0, 2000, 500, NULL, 'none', '2022-07-18 01:24:31'),
(153, 79, NULL, 1, 1, 2, 0, 2000, 500, NULL, 'none', '2022-07-18 01:24:31'),
(154, 80, NULL, 1, 1, 2, 0, 2000, 500, NULL, 'none', '2022-07-18 01:24:31'),
(155, 81, NULL, 1, 1, 2, 0, 2000, 500, NULL, 'none', '2022-07-18 01:24:31'),
(156, 82, NULL, 1, 1, 2, 0, 2000, 500, NULL, 'none', '2022-07-18 01:24:31'),
(157, 83, NULL, 1, 1, 2, 0, 2000, 500, NULL, 'none', '2022-07-18 01:24:31'),
(158, 84, NULL, 1, 1, 2, 0, 2000, 500, NULL, 'none', '2022-07-18 01:24:31'),
(159, 85, NULL, 1, 1, 2, 0, 2000, 500, NULL, 'none', '2022-07-18 01:24:31'),
(160, 86, NULL, 1, 1, 2, 0, 2000, 500, NULL, 'none', '2022-07-18 01:24:31'),
(161, 87, NULL, 1, 1, 2, 0, 2000, 500, NULL, 'none', '2022-07-18 01:24:31'),
(162, 88, NULL, 1, 1, 2, 0, 2000, 500, NULL, 'none', '2022-07-18 01:24:31'),
(163, 89, NULL, 1, 1, 2, 0, 2000, 500, NULL, 'none', '2022-07-18 01:24:31'),
(164, 90, NULL, 1, 1, 2, 0, 2000, 500, NULL, 'none', '2022-07-18 01:24:31'),
(165, 91, NULL, 1, 1, 2, 0, 2000, 500, NULL, 'none', '2022-07-18 01:24:31'),
(166, 93, NULL, 1, 1, 2, 0, 2000, 500, NULL, 'none', '2022-07-18 01:24:31'),
(167, 94, NULL, 1, 1, 2, 0, 2000, 500, NULL, 'none', '2022-07-18 01:24:31'),
(168, 95, NULL, 1, 1, 2, 0, 2000, 500, NULL, 'none', '2022-07-18 01:24:31'),
(169, 96, NULL, 1, 1, 2, 0, 2000, 500, NULL, 'none', '2022-07-18 01:24:31'),
(170, 97, NULL, 1, 1, 2, 0, 2000, 500, NULL, 'none', '2022-07-18 01:24:31'),
(171, 98, NULL, 1, 1, 2, 0, 2000, 500, NULL, 'none', '2022-07-18 01:24:31'),
(172, 99, NULL, 1, 1, 2, 0, 2000, 500, NULL, 'none', '2022-07-18 01:24:31'),
(173, 100, NULL, 1, 1, 2, 0, 2000, 500, NULL, 'none', '2022-07-18 01:24:31'),
(174, 101, NULL, 1, 1, 2, 0, 2000, 500, NULL, 'none', '2022-07-18 01:24:31'),
(175, 102, NULL, 1, 1, 2, 0, 2000, 500, NULL, 'none', '2022-07-18 01:24:31'),
(176, 103, NULL, 1, 1, 2, 0, 2000, 500, NULL, 'none', '2022-07-18 01:24:31'),
(177, 104, NULL, 1, 1, 2, 0, 2000, 500, NULL, 'none', '2022-07-18 01:24:31'),
(178, 105, NULL, 1, 1, 2, 0, 2000, 500, NULL, 'none', '2022-07-18 01:24:31'),
(179, 106, NULL, 1, 1, 2, 0, 2000, 500, NULL, 'none', '2022-07-18 01:24:31'),
(180, 107, NULL, 1, 1, 2, 0, 2000, 500, NULL, 'none', '2022-07-18 01:24:31'),
(181, 85, 3, 1, 1, 2, 0, 2000, 500, NULL, 'none', '2022-07-18 01:24:31'),
(182, 85, 2, 1, 1, 2, 0, 2000, 500, NULL, 'none', '2022-07-18 01:24:31'),
(183, 85, 4, 1, 1, 2, 2000, 0, 0, '', 'ok', '2022-07-18 00:00:00'),
(184, 85, 1, 2, 2, 3, 0, 5000, 500, '', 'none', '2022-07-18 00:00:00'),
(185, 33, 1, 2, 2, 3, 0, 5000, 500, NULL, 'none', '2022-07-18 01:57:11'),
(186, 88, 1, 2, 2, 3, 10000, 0, 0, '', 'ok', '2022-07-18 00:00:00'),
(187, 88, 2, 2, 2, 3, 0, 5000, 500, '', 'none', '2022-07-18 00:00:00'),
(188, 5, 1, 2, 2, 3, 5000, 0, 0, '', 'ok', '2022-07-18 00:00:00'),
(189, 33, 2, 2, 2, 3, 0, 5000, 500, NULL, 'none', '2022-07-18 01:57:11'),
(190, 33, 3, 2, 2, 3, 5000, 0, 0, '', 'ok', '2022-07-18 00:00:00'),
(191, 24, 1, 2, 2, 3, 5000, 0, 0, '', 'ok', '2022-07-18 00:00:00'),
(192, 23, 1, 2, 2, 3, 5000, 0, 0, '', 'ok', '2022-07-18 00:00:00'),
(193, 8, 1, 2, 2, 3, 10000, 0, 0, '', 'ok', '2022-07-18 00:00:00'),
(194, 41, 1, 2, 2, 3, 0, 5000, 500, NULL, 'none', '2022-07-18 01:57:11'),
(195, 41, 2, 2, 2, 3, 0, 5000, 500, NULL, 'none', '2022-07-18 01:57:11'),
(196, 72, 1, 2, 2, 3, 0, 5000, 500, NULL, 'none', '2022-07-18 01:57:11'),
(197, 10, 1, 2, 2, 3, 0, 5000, 500, NULL, 'none', '2022-07-18 01:57:11'),
(198, 8, 2, 2, 2, 3, 0, 5000, 500, NULL, 'none', '2022-07-18 01:57:11'),
(199, 85, 1, 2, 3, 4, 5000, 0, 0, '', 'ok', '2022-07-22 18:31:44'),
(200, 33, 1, 2, 3, 4, 2000, 0, 0, '', 'ok', '2022-07-22 18:31:44'),
(201, 88, 1, 2, 3, 4, 0, 5000, 500, NULL, 'none', '2022-07-22 18:31:44'),
(202, 88, 2, 2, 3, 4, 5000, 0, 0, '', 'ok', '2022-07-22 18:31:44'),
(203, 5, 1, 2, 3, 4, 0, 5000, 500, NULL, 'none', '2022-07-22 18:31:44'),
(204, 33, 2, 2, 3, 4, 5000, 0, 0, '', 'ok', '2022-07-22 18:31:44'),
(205, 33, 3, 2, 3, 4, 0, 5000, 500, NULL, 'none', '2022-07-22 18:31:44'),
(206, 24, 1, 2, 3, 4, 0, 5000, 500, NULL, 'none', '2022-07-22 18:31:44'),
(207, 23, 1, 2, 3, 4, 0, 5000, 500, NULL, 'none', '2022-07-22 18:31:44'),
(208, 8, 1, 2, 3, 4, 0, 5000, 500, NULL, 'none', '2022-07-22 18:31:44'),
(209, 41, 1, 2, 3, 4, 0, 5000, 500, NULL, 'none', '2022-07-22 18:31:44'),
(210, 41, 2, 2, 3, 4, 0, 5000, 500, NULL, 'none', '2022-07-22 18:31:44'),
(211, 72, 1, 2, 3, 4, 0, 5000, 500, NULL, 'none', '2022-07-22 18:31:44'),
(212, 10, 1, 2, 3, 4, 0, 5000, 500, NULL, 'none', '2022-07-22 18:31:44'),
(213, 8, 2, 2, 3, 4, 0, 5000, 500, NULL, 'none', '2022-07-22 18:31:44'),
(214, 85, NULL, 2, 3, 4, 5000, 0, 0, '', 'ok', '2022-07-22 18:31:44'),
(215, 85, 2, 2, 3, 4, 5000, 0, 0, '', 'ok', '2022-07-22 18:31:44'),
(219, 85, 2, 2, 4, 6, 0, 5000, 500, '', 'none', '2022-07-22 19:51:45'),
(218, 85, 1, 2, 4, 6, 0, 5000, 500, '', 'none', '2022-07-22 19:51:45'),
(220, 33, 1, 2, 4, 6, 0, 5000, 500, '', 'none', '2022-07-22 19:51:45'),
(221, 85, 1, 2, 4, 7, 2000, 0, 0, '', 'ok', '2022-08-08 10:45:43'),
(222, 85, 2, 2, 4, 7, 2000, 0, 0, '', 'ok', '2022-08-08 10:45:43'),
(223, 33, 1, 2, 4, 7, 2000, 0, 0, 'NOUVEAU MEMBRE', 'ok', '2022-08-08 10:45:43'),
(224, 108, 1, 2, 4, 7, 2000, 0, 0, 'ECHEC', 'ok', '2022-08-08 10:45:43'),
(225, 79, 1, 2, 4, 7, 2000, 0, 0, '', 'ok', '2022-08-08 10:45:43'),
(226, 88, 1, 2, 4, 7, 2000, 0, 0, '', 'ok', '2022-08-08 10:45:43'),
(227, 23, 1, 2, 4, 7, 2000, 0, 0, '', 'ok', '2022-08-08 10:45:43');

-- --------------------------------------------------------

--
-- Table structure for table `seance`
--

CREATE TABLE `seance` (
  `id` int(11) NOT NULL,
  `session_id` int(11) NOT NULL,
  `tontine_id` int(11) NOT NULL,
  `date` datetime NOT NULL DEFAULT CURRENT_TIMESTAMP
) ENGINE=MyISAM DEFAULT CHARSET=utf8mb4;

--
-- Dumping data for table `seance`
--

INSERT INTO `seance` (`id`, `session_id`, `tontine_id`, `date`) VALUES
(1, 1, 1, '2022-07-18 00:00:00'),
(2, 1, 1, '2022-07-18 00:00:00'),
(3, 2, 2, '2022-07-18 00:00:00'),
(4, 3, 2, '2022-07-22 00:00:00'),
(6, 4, 2, '2022-07-22 00:00:00'),
(7, 4, 2, '2022-08-08 00:00:00');

-- --------------------------------------------------------

--
-- Table structure for table `sessions`
--

CREATE TABLE `sessions` (
  `sess_id` int(11) NOT NULL,
  `tontine_id` int(11) NOT NULL,
  `created_on` datetime NOT NULL DEFAULT CURRENT_TIMESTAMP,
  `status` tinyint(1) NOT NULL
) ENGINE=MyISAM DEFAULT CHARSET=utf8;

--
-- Dumping data for table `sessions`
--

INSERT INTO `sessions` (`sess_id`, `tontine_id`, `created_on`, `status`) VALUES
(1, 1, '2022-07-18 00:00:00', 1),
(2, 2, '2022-07-18 00:00:00', 1),
(3, 2, '2022-07-21 00:00:00', 1),
(4, 2, '2022-07-22 00:00:00', 1),
(5, 2, '2022-08-22 00:00:00', 1);

-- --------------------------------------------------------

--
-- Table structure for table `tirage`
--

CREATE TABLE `tirage` (
  `tirage_id` int(11) NOT NULL,
  `user_id` int(11) NOT NULL,
  `user_label` int(11) NOT NULL,
  `seance_id` int(11) NOT NULL,
  `session_id` int(11) NOT NULL,
  `tontine_id` int(11) NOT NULL,
  `tirage_amount` int(11) NOT NULL,
  `tirage_date` datetime NOT NULL DEFAULT CURRENT_TIMESTAMP
) ENGINE=MyISAM DEFAULT CHARSET=utf8mb4;

--
-- Dumping data for table `tirage`
--

INSERT INTO `tirage` (`tirage_id`, `user_id`, `user_label`, `seance_id`, `session_id`, `tontine_id`, `tirage_amount`, `tirage_date`) VALUES
(5, 75, 1, 2, 1, 1, 5000, '2022-07-18 00:00:00'),
(6, 23, 1, 2, 1, 1, 5000, '2022-07-18 00:00:00'),
(7, 33, 1, 2, 1, 1, 5000, '2022-07-18 00:00:00'),
(8, 49, 1, 1, 1, 1, 50000, '2022-07-18 00:00:00'),
(9, 85, 1, 1, 1, 1, 50000, '2022-07-18 00:00:00'),
(10, 36, 1, 1, 1, 1, 50000, '2022-07-18 00:00:00');

-- --------------------------------------------------------

--
-- Table structure for table `tontine`
--

CREATE TABLE `tontine` (
  `id` int(11) NOT NULL,
  `name` varchar(200) NOT NULL,
  `amount` int(200) NOT NULL,
  `frequency` varchar(200) NOT NULL,
  `state` tinyint(1) DEFAULT '1'
) ENGINE=MyISAM DEFAULT CHARSET=utf8;

--
-- Dumping data for table `tontine`
--

INSERT INTO `tontine` (`id`, `name`, `amount`, `frequency`, `state`) VALUES
(1, 'Tontine Tirage', 2000, 'Hebdomadaire', 1),
(2, 'Tontine Vente', 5000, 'Hebdomadaire', 1);

-- --------------------------------------------------------

--
-- Table structure for table `tontinemember`
--

CREATE TABLE `tontinemember` (
  `relation_id` int(11) NOT NULL,
  `_member` int(11) NOT NULL,
  `_tontine` int(11) NOT NULL,
  `_session` int(11) NOT NULL,
  `label` int(11) DEFAULT NULL,
  `has_tirage` tinyint(1) NOT NULL,
  `has_vente` tinyint(1) NOT NULL
) ENGINE=MyISAM DEFAULT CHARSET=utf8;

--
-- Dumping data for table `tontinemember`
--

INSERT INTO `tontinemember` (`relation_id`, `_member`, `_tontine`, `_session`, `label`, `has_tirage`, `has_vente`) VALUES
(1, 1, 1, 1, 1, 0, 0),
(2, 5, 1, 1, 1, 1, 0),
(3, 8, 1, 1, 1, 0, 0),
(4, 10, 1, 1, 1, 1, 0),
(5, 11, 1, 1, 1, 0, 0),
(6, 25, 1, 1, 1, 1, 0),
(7, 24, 1, 1, 1, 0, 0),
(8, 31, 1, 1, 1, 1, 0),
(9, 26, 1, 1, 1, 1, 0),
(10, 27, 1, 1, 1, 0, 0),
(11, 28, 1, 1, 1, 1, 0),
(12, 29, 1, 1, 1, 0, 0),
(13, 30, 1, 1, 1, 0, 0),
(14, 23, 1, 1, 1, 1, 0),
(15, 32, 1, 1, 1, 0, 0),
(16, 33, 1, 1, 1, 1, 0),
(17, 34, 1, 1, 1, 0, 0),
(18, 35, 1, 1, 1, 0, 0),
(19, 36, 1, 1, 1, 1, 0),
(20, 37, 1, 1, 1, 0, 0),
(21, 38, 1, 1, 1, 0, 0),
(22, 39, 1, 1, 1, 0, 0),
(23, 40, 1, 1, 1, 0, 0),
(24, 41, 1, 1, 1, 0, 0),
(25, 42, 1, 1, 1, 0, 0),
(26, 43, 1, 1, 1, 0, 0),
(27, 44, 1, 1, 1, 0, 0),
(28, 45, 1, 1, 1, 0, 0),
(29, 46, 1, 1, 1, 0, 0),
(30, 47, 1, 1, 1, 0, 0),
(31, 48, 1, 1, 1, 0, 0),
(32, 49, 1, 1, 1, 1, 0),
(33, 50, 1, 1, 1, 0, 0),
(34, 51, 1, 1, 1, 0, 0),
(35, 52, 1, 1, 1, 0, 0),
(36, 53, 1, 1, 1, 0, 0),
(37, 54, 1, 1, 1, 0, 0),
(38, 55, 1, 1, 1, 0, 0),
(39, 56, 1, 1, 1, 0, 0),
(40, 57, 1, 1, 1, 0, 0),
(41, 58, 1, 1, 1, 0, 0),
(42, 59, 1, 1, 1, 0, 0),
(43, 60, 1, 1, 1, 0, 0),
(44, 61, 1, 1, 1, 0, 0),
(45, 62, 1, 1, 1, 0, 0),
(46, 63, 1, 1, 1, 0, 0),
(47, 64, 1, 1, 1, 0, 0),
(48, 65, 1, 1, 1, 0, 0),
(49, 66, 1, 1, 1, 0, 0),
(50, 67, 1, 1, 1, 0, 0),
(51, 68, 1, 1, 1, 0, 0),
(52, 69, 1, 1, 1, 0, 0),
(53, 70, 1, 1, 1, 0, 0),
(54, 71, 1, 1, 1, 0, 0),
(55, 72, 1, 1, 1, 0, 0),
(56, 73, 1, 1, 1, 0, 0),
(57, 74, 1, 1, 1, 0, 0),
(58, 75, 1, 1, 1, 1, 0),
(59, 76, 1, 1, 1, 0, 0),
(60, 77, 1, 1, 1, 0, 0),
(61, 78, 1, 1, 1, 0, 0),
(62, 79, 1, 1, 1, 0, 0),
(63, 80, 1, 1, 1, 0, 0),
(64, 81, 1, 1, 1, 0, 0),
(65, 82, 1, 1, 1, 0, 0),
(66, 83, 1, 1, 1, 0, 0),
(67, 84, 1, 1, 1, 0, 0),
(68, 85, 1, 1, 1, 1, 0),
(69, 86, 1, 1, 1, 0, 0),
(70, 87, 1, 1, 1, 0, 0),
(71, 88, 1, 1, 1, 0, 0),
(72, 89, 1, 1, 1, 0, 0),
(73, 90, 1, 1, 1, 0, 0),
(74, 91, 1, 1, 1, 0, 0),
(75, 93, 1, 1, 1, 0, 0),
(76, 94, 1, 1, 1, 0, 0),
(77, 95, 1, 1, 1, 0, 0),
(78, 96, 1, 1, 1, 0, 0),
(79, 97, 1, 1, 1, 0, 0),
(80, 98, 1, 1, 1, 0, 0),
(81, 99, 1, 1, 1, 0, 0),
(82, 100, 1, 1, 1, 0, 0),
(83, 101, 1, 1, 1, 0, 0),
(84, 102, 1, 1, 1, 0, 0),
(85, 103, 1, 1, 1, 0, 0),
(86, 104, 1, 1, 1, 0, 0),
(87, 105, 1, 1, 1, 0, 0),
(88, 106, 1, 1, 1, 0, 0),
(89, 107, 1, 1, 1, 0, 0),
(92, 85, 1, 1, 3, 0, 0),
(91, 85, 1, 1, 2, 0, 0),
(93, 85, 1, 1, 4, 0, 0),
(94, 85, 2, 2, 1, 0, 0),
(95, 33, 2, 2, 1, 0, 0),
(96, 88, 2, 2, 1, 0, 0),
(97, 88, 2, 2, 2, 0, 0),
(98, 5, 2, 2, 1, 0, 0),
(99, 33, 2, 2, 2, 0, 0),
(100, 33, 2, 2, 3, 0, 0),
(101, 24, 2, 2, 1, 0, 0),
(102, 23, 2, 2, 1, 0, 0),
(103, 8, 2, 2, 1, 0, 0),
(104, 41, 2, 2, 1, 0, 0),
(105, 41, 2, 2, 2, 0, 0),
(106, 72, 2, 2, 1, 0, 0),
(107, 10, 2, 2, 1, 0, 0),
(108, 8, 2, 2, 2, 0, 0),
(109, 85, 2, 3, NULL, 0, 0),
(110, 85, 2, 3, 2, 0, 0),
(119, 85, 2, 4, 1, 0, 0),
(120, 85, 2, 4, 2, 0, 0),
(121, 33, 2, 4, 1, 0, 0),
(122, 33, 1, 1, 2, 0, 0),
(123, 108, 1, 0, NULL, 0, 0),
(124, 109, 1, 0, NULL, 0, 0),
(125, 110, 1, 0, NULL, 0, 0),
(126, 108, 2, 4, 1, 0, 0),
(127, 79, 2, 4, 1, 0, 0),
(128, 88, 2, 4, 1, 0, 0),
(129, 23, 2, 4, 1, 0, 0),
(130, 111, 1, 0, NULL, 0, 0),
(131, 112, 1, 0, NULL, 0, 0),
(132, 113, 1, 0, NULL, 0, 0),
(133, 114, 1, 0, NULL, 0, 0),
(134, 115, 1, 0, NULL, 0, 0),
(135, 116, 1, 0, NULL, 0, 0),
(136, 117, 1, 0, NULL, 0, 0),
(137, 118, 1, 0, NULL, 0, 0),
(138, 119, 1, 0, NULL, 0, 0),
(139, 120, 1, 0, NULL, 0, 0),
(140, 121, 1, 0, NULL, 0, 0),
(141, 122, 1, 0, NULL, 0, 0),
(142, 123, 1, 0, NULL, 0, 0),
(143, 124, 1, 0, NULL, 0, 0),
(144, 125, 1, 0, NULL, 0, 0),
(145, 126, 1, 0, NULL, 0, 0),
(146, 127, 1, 0, NULL, 0, 0),
(147, 128, 1, 0, NULL, 0, 0),
(148, 129, 1, 0, NULL, 0, 0),
(149, 130, 1, 0, NULL, 0, 0),
(150, 131, 1, 0, NULL, 0, 0),
(151, 132, 1, 0, NULL, 0, 0),
(152, 133, 1, 0, NULL, 0, 0),
(153, 134, 1, 0, NULL, 0, 0),
(154, 135, 1, 0, NULL, 0, 0),
(155, 136, 1, 0, NULL, 0, 0),
(156, 137, 1, 0, NULL, 0, 0),
(157, 85, 2, 5, 1, 0, 0);

-- --------------------------------------------------------

--
-- Table structure for table `vente`
--

CREATE TABLE `vente` (
  `vente_id` int(11) NOT NULL,
  `buyer_id` int(11) NOT NULL,
  `buyer_label` int(11) DEFAULT NULL,
  `seance_id` int(11) NOT NULL,
  `session_id` int(11) NOT NULL,
  `tontine_id` int(11) NOT NULL,
  `sale_amount` int(11) NOT NULL,
  `cost` int(11) NOT NULL,
  `sale_date` datetime NOT NULL DEFAULT CURRENT_TIMESTAMP
) ENGINE=MyISAM DEFAULT CHARSET=utf8mb4;

--
-- Dumping data for table `vente`
--

INSERT INTO `vente` (`vente_id`, `buyer_id`, `buyer_label`, `seance_id`, `session_id`, `tontine_id`, `sale_amount`, `cost`, `sale_date`) VALUES
(2, 85, 1, 3, 2, 2, 10000, 2000, '2022-07-20 00:00:00'),
(5, 33, 3, 3, 2, 2, 10000, 2000, '2022-07-20 00:00:00'),
(6, 23, 1, 7, 4, 2, 500000, 45000, '2022-08-15 00:00:00');

--
-- Indexes for dumped tables
--

--
-- Indexes for table `caissemember`
--
ALTER TABLE `caissemember`
  ADD PRIMARY KEY (`rel_id`);

--
-- Indexes for table `caisserecords`
--
ALTER TABLE `caisserecords`
  ADD PRIMARY KEY (`rec_id`);

--
-- Indexes for table `caisses`
--
ALTER TABLE `caisses`
  ADD PRIMARY KEY (`id`);

--
-- Indexes for table `caissesolds`
--
ALTER TABLE `caissesolds`
  ADD PRIMARY KEY (`cs_id`);

--
-- Indexes for table `credit_debts`
--
ALTER TABLE `credit_debts`
  ADD PRIMARY KEY (`debt_id`);

--
-- Indexes for table `credit_records`
--
ALTER TABLE `credit_records`
  ADD PRIMARY KEY (`rec_id`);

--
-- Indexes for table `credit_wallet`
--
ALTER TABLE `credit_wallet`
  ADD PRIMARY KEY (`wallet_id`);

--
-- Indexes for table `helprecords`
--
ALTER TABLE `helprecords`
  ADD PRIMARY KEY (`help_id`);

--
-- Indexes for table `helptypes`
--
ALTER TABLE `helptypes`
  ADD PRIMARY KEY (`type_id`);

--
-- Indexes for table `members`
--
ALTER TABLE `members`
  ADD PRIMARY KEY (`id`);

--
-- Indexes for table `records`
--
ALTER TABLE `records`
  ADD PRIMARY KEY (`rec_id`);

--
-- Indexes for table `seance`
--
ALTER TABLE `seance`
  ADD PRIMARY KEY (`id`);

--
-- Indexes for table `sessions`
--
ALTER TABLE `sessions`
  ADD PRIMARY KEY (`sess_id`);

--
-- Indexes for table `tirage`
--
ALTER TABLE `tirage`
  ADD PRIMARY KEY (`tirage_id`);

--
-- Indexes for table `tontine`
--
ALTER TABLE `tontine`
  ADD PRIMARY KEY (`id`);

--
-- Indexes for table `tontinemember`
--
ALTER TABLE `tontinemember`
  ADD PRIMARY KEY (`relation_id`);

--
-- Indexes for table `vente`
--
ALTER TABLE `vente`
  ADD PRIMARY KEY (`vente_id`);

--
-- AUTO_INCREMENT for dumped tables
--

--
-- AUTO_INCREMENT for table `caissemember`
--
ALTER TABLE `caissemember`
  MODIFY `rel_id` int(11) NOT NULL AUTO_INCREMENT, AUTO_INCREMENT=351;

--
-- AUTO_INCREMENT for table `caisserecords`
--
ALTER TABLE `caisserecords`
  MODIFY `rec_id` int(11) NOT NULL AUTO_INCREMENT, AUTO_INCREMENT=235;

--
-- AUTO_INCREMENT for table `caisses`
--
ALTER TABLE `caisses`
  MODIFY `id` int(11) NOT NULL AUTO_INCREMENT, AUTO_INCREMENT=12;

--
-- AUTO_INCREMENT for table `caissesolds`
--
ALTER TABLE `caissesolds`
  MODIFY `cs_id` int(11) NOT NULL AUTO_INCREMENT, AUTO_INCREMENT=289;

--
-- AUTO_INCREMENT for table `credit_debts`
--
ALTER TABLE `credit_debts`
  MODIFY `debt_id` int(11) NOT NULL AUTO_INCREMENT, AUTO_INCREMENT=60;

--
-- AUTO_INCREMENT for table `credit_records`
--
ALTER TABLE `credit_records`
  MODIFY `rec_id` int(11) NOT NULL AUTO_INCREMENT, AUTO_INCREMENT=235;

--
-- AUTO_INCREMENT for table `credit_wallet`
--
ALTER TABLE `credit_wallet`
  MODIFY `wallet_id` int(11) NOT NULL AUTO_INCREMENT, AUTO_INCREMENT=3;

--
-- AUTO_INCREMENT for table `helprecords`
--
ALTER TABLE `helprecords`
  MODIFY `help_id` int(11) NOT NULL AUTO_INCREMENT, AUTO_INCREMENT=11;

--
-- AUTO_INCREMENT for table `helptypes`
--
ALTER TABLE `helptypes`
  MODIFY `type_id` int(11) NOT NULL AUTO_INCREMENT, AUTO_INCREMENT=7;

--
-- AUTO_INCREMENT for table `members`
--
ALTER TABLE `members`
  MODIFY `id` int(11) NOT NULL AUTO_INCREMENT, AUTO_INCREMENT=138;

--
-- AUTO_INCREMENT for table `records`
--
ALTER TABLE `records`
  MODIFY `rec_id` int(11) NOT NULL AUTO_INCREMENT, AUTO_INCREMENT=228;

--
-- AUTO_INCREMENT for table `seance`
--
ALTER TABLE `seance`
  MODIFY `id` int(11) NOT NULL AUTO_INCREMENT, AUTO_INCREMENT=8;

--
-- AUTO_INCREMENT for table `sessions`
--
ALTER TABLE `sessions`
  MODIFY `sess_id` int(11) NOT NULL AUTO_INCREMENT, AUTO_INCREMENT=6;

--
-- AUTO_INCREMENT for table `tirage`
--
ALTER TABLE `tirage`
  MODIFY `tirage_id` int(11) NOT NULL AUTO_INCREMENT, AUTO_INCREMENT=11;

--
-- AUTO_INCREMENT for table `tontine`
--
ALTER TABLE `tontine`
  MODIFY `id` int(11) NOT NULL AUTO_INCREMENT, AUTO_INCREMENT=18;

--
-- AUTO_INCREMENT for table `tontinemember`
--
ALTER TABLE `tontinemember`
  MODIFY `relation_id` int(11) NOT NULL AUTO_INCREMENT, AUTO_INCREMENT=158;

--
-- AUTO_INCREMENT for table `vente`
--
ALTER TABLE `vente`
  MODIFY `vente_id` int(11) NOT NULL AUTO_INCREMENT, AUTO_INCREMENT=7;
COMMIT;

/*!40101 SET CHARACTER_SET_CLIENT=@OLD_CHARACTER_SET_CLIENT */;
/*!40101 SET CHARACTER_SET_RESULTS=@OLD_CHARACTER_SET_RESULTS */;
/*!40101 SET COLLATION_CONNECTION=@OLD_COLLATION_CONNECTION */;
